EnergyTarget,CO2Target,LargestPropertyUseTypeGFA,SecondLargestPropertyUseTypeGFA,ThirdLargestPropertyUseTypeGFA,ENERGYSTARScore,NumberofBuildings,NumberofFloors,PropertyGFAParking,BuildingAge,GFA_per_floor,BuildingGFARatio,LargestUseRatio,SecondUseRatio,ThirdUseRatio,BuildingType,PrimaryPropertyType,Neighborhood,SecondLargestPropertyUseType,ThirdLargestPropertyUseType,BuildingAgeCat,SizeCategory,HasEnergyStarScore,UsesElectricity,UsesGas,UsesSteam
7456910.0,249.98,88434.0,0.0,0.0,60.0,1.0,12,0,89,7369.5,1.0,1.0,0.0,0.0,NonResidential,Hotel,DOWNTOWN,No_Second_Use,No_Third_Use,3,3,1,1,1,1
8664479.0,295.86,83880.0,15064.0,4622.0,61.0,1.0,11,15064,20,9415.09090909091,0.8545468590077825,0.8099183129598517,0.1454531409922175,0.04462854604793079,NonResidential,Hotel,DOWNTOWN,Parking,Restaurant,1,3,1,1,1,0
73937112.0,2089.28,756493.0,0.0,0.0,43.0,1.0,41,196718,47,23319.756097560974,0.7942517074395206,0.791219629540534,0.0,0.0,NonResidential,Hotel,DOWNTOWN,No_Second_Use,No_Third_Use,2,4,1,1,1,1
6946800.5,286.43,61320.0,0.0,0.0,56.0,1.0,10,0,90,6132.0,1.0,1.0,0.0,0.0,NonResidential,Hotel,DOWNTOWN,No_Second_Use,No_Third_Use,3,2,1,1,1,1
14656503.0,505.01,123445.0,68009.0,0.0,75.0,1.0,18,62000,36,9754.444444444445,0.6468846110035311,0.7030698257204693,0.38733910468162663,0.0,NonResidential,Hotel,DOWNTOWN,Parking,Swimming Pool,1,4,1,1,1,0
12581712.0,301.81,88830.0,0.0,0.0,,1.0,2,37198,17,48644.0,0.6176506866211661,0.9130622481703807,0.0,0.0,Nonresidential COS,Other,DOWNTOWN,No_Second_Use,No_Third_Use,1,3,0,1,1,0
6062767.5,176.14,81352.0,0.0,0.0,27.0,1.0,11,0,90,7546.181818181818,1.0,0.9800501156515035,0.0,0.0,NonResidential,Hotel,DOWNTOWN,No_Second_Use,No_Third_Use,3,3,1,1,1,0
7067881.5,221.51,102761.0,0.0,0.0,,1.0,8,0,90,12845.125,1.0,1.0,0.0,0.0,NonResidential,Other,DOWNTOWN,No_Second_Use,No_Third_Use,3,3,0,1,1,1
14194054.0,392.16,163984.0,0.0,0.0,43.0,1.0,15,0,112,10932.266666666666,1.0,1.0,0.0,0.0,NonResidential,Hotel,DOWNTOWN,No_Second_Use,No_Third_Use,3,4,1,1,1,0
16646930.0,691.26,133884.0,0.0,0.0,30.0,1.0,11,19279,47,13923.90909090909,0.8741275634454797,0.8741275634454797,0.0,0.0,NonResidential,Hotel,DOWNTOWN,No_Second_Use,No_Third_Use,2,4,1,1,1,1
27070114.0,740.97,336640.0,0.0,0.0,36.0,1.0,25,61161,18,13327.04,0.8164303551276202,1.0103969073402645,0.0,0.0,NonResidential,Hotel,DOWNTOWN,No_Second_Use,No_Third_Use,1,4,1,1,1,1
6358719.5,328.23,65009.0,0.0,0.0,48.0,1.0,9,0,88,7223.222222222223,1.0,1.0,0.0,0.0,NonResidential,Hotel,DOWNTOWN,No_Second_Use,No_Third_Use,3,3,1,1,1,1
22524948.0,648.62,295511.0,57600.0,0.0,58.0,1.0,33,57600,36,9574.30303030303,0.8176938269104168,0.9353034638172887,0.18230617308958322,0.0,NonResidential,Hotel,DOWNTOWN,Parking,No_Third_Use,1,4,1,1,1,1
11179203.0,511.39,67390.0,25200.0,0.0,35.0,1.0,11,25200,94,8380.90909090909,0.7266514806378133,0.7309903460245146,0.2733485193621868,0.0,NonResidential,Hotel,DOWNTOWN,Parking,No_Third_Use,3,3,1,1,1,1
18706912.0,181.38,364913.0,49000.0,1074.0,,1.0,11,57000,12,37454.545454545456,0.8616504854368932,0.8857111650485436,0.11893203883495146,0.0026067961165048546,Nonresidential COS,Other,DOWNTOWN,Parking,Data Center,0,4,0,1,0,1
10192124.0,433.86,90000.0,40000.0,0.0,,1.0,6,0,86,17318.5,1.0,0.8661258192106707,0.38494480853807583,0.0,NonResidential,Other,DOWNTOWN,Office,Swimming Pool,3,3,0,1,1,1
34351920.0,802.89,348329.0,85000.0,0.0,31.0,1.0,28,85000,33,14867.17857142857,0.7958110026640659,0.8367641088591601,0.20418899733593415,0.0,NonResidential,Hotel,DOWNTOWN,Parking,No_Third_Use,1,4,1,1,1,0
7877219.0,273.02,16442.0,15505.0,9741.0,,1.0,5,0,109,11490.4,1.0,0.28618672979182624,0.26987746292557263,0.16955023323818144,NonResidential,Mixed Use Property,DOWNTOWN,Restaurant,Office,3,2,0,1,1,1
10154608.0,349.32,104352.0,0.0,0.0,39.0,1.0,10,0,100,10435.2,1.0,1.0,0.0,0.0,NonResidential,Hotel,DOWNTOWN,No_Second_Use,No_Third_Use,3,3,1,1,1,1
47023088.0,1265.29,537150.0,0.0,0.0,76.0,1.0,10,0,100,54036.0,1.0,0.9940595158783033,0.0,0.0,NonResidential,Other,DOWNTOWN,No_Second_Use,No_Third_Use,3,4,1,1,1,0
49539212.0,1699.45,385274.0,0.0,0.0,,1.0,19,0,31,20277.57894736842,1.0,1.0,0.0,0.0,NonResidential,Other,DOWNTOWN,No_Second_Use,No_Third_Use,1,4,0,1,1,0
3673186.75,90.01,58006.0,30586.0,0.0,84.0,1.0,6,30586,15,14765.333333333334,0.6547543796279574,0.6547543796279574,0.34524562037204265,0.0,NonResidential,Hotel,NORTHEAST,Parking,No_Third_Use,0,3,1,1,1,0
12183313.0,388.04,125000.0,0.0,0.0,,1.0,7,0,88,18084.714285714286,1.0,0.9874163658338139,0.0,0.0,NonResidential,University,DOWNTOWN,No_Second_Use,No_Third_Use,3,3,0,1,1,0
1310236.625,9.13,67224.0,0.0,0.0,,1.0,2,0,86,33612.0,1.0,1.0,0.0,0.0,NonResidential,Other,DOWNTOWN,No_Second_Use,No_Third_Use,3,3,0,1,0,0
5424942.0,256.57,112676.0,42000.0,4500.0,,1.0,8,30301,25,19834.5,0.8090385439511961,0.7101010864907106,0.2646903123345686,0.028359676321560917,NonResidential,Hotel,EAST,Parking,Retail Store,1,4,0,1,1,0
11171407.0,328.63,128909.0,0.0,0.0,57.0,1.0,10,38281,15,17186.6,0.7772625184736947,0.7500552756217053,0.0,0.0,NonResidential,Hotel,DOWNTOWN,No_Second_Use,No_Third_Use,0,4,1,1,1,0
4557974.0,128.44,47994.0,0.0,0.0,57.0,1.0,5,16200,38,13682.0,0.7631925157140769,0.7015640988159626,0.0,0.0,NonResidential,Hotel,DOWNTOWN,No_Second_Use,No_Third_Use,2,3,1,1,1,0
4703690.0,157.77,40943.0,18153.0,4307.0,,1.0,3,0,110,29087.333333333332,1.0,0.46919621370126746,0.20802869519378422,0.04935710847791708,NonResidential,Small- and Mid-Sized Office,LAKE UNION,K-12 School,Other - Entertainment/Public Assembly,3,3,0,1,1,0
6731281.5,215.0,81871.0,0.0,0.0,29.0,1.0,4,0,22,20467.75,1.0,1.0,0.0,0.0,NonResidential,Hotel,NORTHEAST,No_Second_Use,No_Third_Use,1,3,1,1,1,0
44110016.0,311.84,616000.0,276000.0,71000.0,,3.0,2,0,55,357047.5,1.0,0.8626303222960531,0.3865031963534264,0.09942654688801911,NonResidential,Warehouse,GREATER DUWAMISH,Refrigerated Warehouse,Office,2,4,0,1,0,0
1802471.375,31.47,54986.0,0.0,0.0,97.0,1.0,2,0,26,27493.0,1.0,1.0,0.0,0.0,SPS-District K-12,K-12 School,MAGNOLIA / QUEEN ANNE,No_Second_Use,No_Third_Use,1,2,1,1,1,0
6536359.5,130.56,55586.0,39314.0,0.0,57.0,1.0,2,0,55,47450.0,1.0,0.5857323498419389,0.4142676501580611,0.0,NonResidential,Small- and Mid-Sized Office,BALLARD,Non-Refrigerated Warehouse,No_Third_Use,2,3,1,1,1,0
3150635.5,83.86,51029.0,7849.0,0.0,83.0,1.0,2,0,116,26277.0,1.0,0.9709822278037827,0.14935114358564525,0.0,NonResidential,Small- and Mid-Sized Office,GREATER DUWAMISH,Other - Education,No_Third_Use,3,2,1,1,1,0
7886505.5,247.85,175015.0,0.0,0.0,95.0,1.0,3,0,62,58338.333333333336,1.0,1.0,0.0,0.0,NonResidential,K-12 School,NORTHWEST,No_Second_Use,No_Third_Use,2,4,1,1,1,0
2331573.25,45.43,38439.0,28197.0,3859.0,,1.0,3,0,105,23528.666666666668,1.0,0.5445697447085824,0.3994701498880798,0.054670897911767206,NonResidential,Self-Storage Facility,DOWNTOWN,Vocational School,Office,3,3,0,1,1,0
16163194.0,295.33,348630.0,0.0,0.0,67.0,1.0,24,205970,47,13842.083333333334,0.3800006020288372,1.049426567532585,0.0,0.0,NonResidential,Hotel,DOWNTOWN,No_Second_Use,No_Third_Use,2,4,1,1,1,0
9536161.0,66.48,103362.0,65676.0,493.0,78.0,1.0,5,0,43,33623.0,1.0,0.6148291348184278,0.3906611545668144,0.0029325164322041458,NonResidential,Large Office,DOWNTOWN,Retail Store,Data Center,2,4,1,1,0,0
1239429.75,33.26,51747.0,5681.0,0.0,,1.0,2,0,96,28714.0,1.0,0.9010761301107474,0.09892386988925263,0.0,NonResidential,Other,DOWNTOWN,"Personal Services (Health/Beauty, Dry Cleaning, etc)",No_Third_Use,3,2,0,1,1,0
5242479.5,35.36,34947.0,4993.0,0.0,14.0,1.0,8,0,106,7425.0,1.0,0.5883333333333334,0.08405723905723905,0.0,NonResidential,Small- and Mid-Sized Office,DOWNTOWN,Retail Store,No_Third_Use,3,2,1,1,0,0
5078816.0,59.19,83591.0,10043.0,5000.0,71.0,1.0,20,10043,86,4931.7,0.8981791268730863,0.8474866678832856,0.10182087312691364,0.050692458989800675,NonResidential,Hotel,DOWNTOWN,Parking,Restaurant,3,3,1,1,1,0
82318072.0,2451.58,994212.0,117668.0,0.0,63.0,1.0,34,146694,34,29241.529411764706,0.8524519921304511,1.0,0.11835302732214055,0.0,NonResidential,Hotel,DOWNTOWN,Parking,Swimming Pool,1,4,1,1,1,1
5348309.0,134.38,41340.0,13730.0,9604.0,98.0,1.0,7,0,31,10164.285714285714,1.0,0.5810260014054813,0.19297259311314124,0.13498243148278286,NonResidential,Hotel,DOWNTOWN,Parking,Retail Store,1,3,1,1,1,0
6088417.5,227.18,88360.0,26450.0,8000.0,99.0,1.0,7,0,108,17544.285714285714,1.0,0.7194853839263904,0.21537334093314878,0.06514127514046088,NonResidential,Hotel,DOWNTOWN,Other - Entertainment/Public Assembly,Retail Store,3,3,1,1,1,0
5428403.5,144.79,70627.0,42546.0,0.0,86.0,1.0,5,42546,57,22634.6,0.6240622763379958,0.6240622763379958,0.3759377236620042,0.0,NonResidential,Hotel,LAKE UNION,Parking,No_Third_Use,2,3,1,1,1,0
6835263.5,199.95,107547.0,3000.0,0.0,84.0,1.0,7,34735,16,21493.285714285714,0.7691305590450174,0.714821239855636,0.019939781858786466,0.0,NonResidential,Hotel,LAKE UNION,Restaurant,No_Third_Use,0,4,1,1,1,0
5941927.0,162.39,88490.0,28300.0,0.0,80.0,1.0,6,28200,19,19383.333333333332,0.7575236457437661,0.7608770421324161,0.24333619948409285,0.0,NonResidential,Hotel,LAKE UNION,Parking,No_Third_Use,1,3,1,1,1,0
6849826.5,152.76,155602.0,0.0,0.0,81.0,1.0,6,36744,18,25933.666666666668,0.7638590763614863,1.0,0.0,0.0,NonResidential,Hotel,MAGNOLIA / QUEEN ANNE,No_Second_Use,No_Third_Use,1,4,1,1,1,0
3800842.5,146.34,56072.0,0.0,0.0,76.0,1.0,3,0,105,18690.666666666668,1.0,1.0,0.0,0.0,NonResidential,K-12 School,EAST,No_Second_Use,No_Third_Use,3,2,1,1,1,0
5387530.0,171.64,78051.0,44891.0,0.0,94.0,1.0,4,44891,17,30735.5,0.6348603406484359,0.6348603406484359,0.36513965935156417,0.0,NonResidential,Hotel,MAGNOLIA / QUEEN ANNE,Parking,No_Third_Use,1,3,1,1,1,0
3630147.25,87.98,54984.0,0.0,0.0,71.0,1.0,2,0,54,27492.0,1.0,1.0,0.0,0.0,NonResidential,Small- and Mid-Sized Office,CENTRAL,No_Second_Use,No_Third_Use,2,2,1,1,1,0
3787499.0,67.06,63371.0,20732.0,0.0,74.0,1.0,6,20732,8,14017.166666666666,0.7534927410437202,0.7534927410437202,0.2465072589562798,0.0,NonResidential,Hotel,LAKE UNION,Parking,No_Third_Use,0,3,1,1,1,0
7250730.5,262.75,76631.0,0.0,0.0,71.0,1.0,7,0,108,10947.285714285714,1.0,1.0,0.0,0.0,NonResidential,Hotel,EAST,No_Second_Use,No_Third_Use,3,3,1,1,1,0
15684371.0,481.97,40174.0,20868.0,17020.0,,1.0,6,9341,33,16630.0,0.9063840448987773,0.40262577670875926,0.20914010823812387,0.17057526558428543,NonResidential,Mixed Use Property,EAST,Parking,Office,1,3,0,1,0,1
1243027.75,39.06,72072.0,0.0,0.0,96.0,1.0,2,0,87,29160.0,1.0,1.2358024691358025,0.0,0.0,NonResidential,Retail Store,LAKE UNION,No_Second_Use,No_Third_Use,3,2,1,1,1,0
13909270.0,138.85,261826.0,150726.0,15139.0,96.0,1.0,5,0,6,63261.2,1.0,0.8277617244061131,0.47651957281872614,0.04786188058399145,NonResidential,Large Office,LAKE UNION,Parking,Other,0,4,1,1,1,0
20194606.0,526.85,235788.0,51537.0,0.0,37.0,1.0,7,44766,26,40409.0,0.8417396407448129,0.8335766784627187,0.18219774236998124,0.0,NonResidential,Hotel,LAKE UNION,Parking,No_Third_Use,1,4,1,1,1,0
23736924.0,607.41,368000.0,0.0,0.0,,1.0,1,0,54,389000.0,1.0,0.9460154241645244,0.0,0.0,Nonresidential COS,Other,MAGNOLIA / QUEEN ANNE,No_Second_Use,No_Third_Use,2,4,0,1,1,1
8181881.0,344.2,65000.0,0.0,0.0,,1.0,1,0,54,91213.0,1.0,0.7126177189654983,0.0,0.0,Nonresidential COS,Other,MAGNOLIA / QUEEN ANNE,No_Second_Use,No_Third_Use,2,3,0,1,0,1
21257836.0,804.2,278500.0,0.0,0.0,,1.0,5,0,78,79217.0,1.0,0.7031319035055607,0.0,0.0,Nonresidential COS,Other,MAGNOLIA / QUEEN ANNE,No_Second_Use,No_Third_Use,3,4,0,1,0,1
40153432.0,617.52,598801.0,310699.0,26203.0,91.0,1.0,12,0,6,47610.75,1.0,1.048084378702989,0.5438180102882927,0.04586324166986097,NonResidential,Large Office,LAKE UNION,Parking,Other,0,4,1,1,1,0
2682242.75,101.83,52000.0,0.0,0.0,,1.0,2,0,54,26000.0,1.0,1.0,0.0,0.0,Nonresidential COS,Other,MAGNOLIA / QUEEN ANNE,No_Second_Use,No_Third_Use,2,2,0,1,0,1
20823520.0,490.73,296000.0,0.0,0.0,,1.0,2,0,88,131024.0,1.0,1.129564049334473,0.0,0.0,Nonresidential COS,Other,MAGNOLIA / QUEEN ANNE,No_Second_Use,No_Third_Use,3,4,0,1,0,1
38105108.0,674.09,729584.0,185014.0,6000.0,93.0,1.0,6,303707,6,153433.0,0.6700981318664607,0.7925109548358784,0.20097154241047666,0.0065175027536449135,NonResidential,Large Office,MAGNOLIA / QUEEN ANNE,Parking,Other,0,4,1,1,1,0
3647345.75,48.76,48546.0,21454.0,2406.0,68.0,1.0,4,25930,46,19053.25,0.6597693306916143,0.6369779433954837,0.28150053140540326,0.03156941729101334,NonResidential,Small- and Mid-Sized Office,MAGNOLIA / QUEEN ANNE,Parking,Other,2,3,1,1,1,0
5274523.0,152.14,59976.0,36934.0,0.0,56.0,1.0,6,36934,14,16151.666666666666,0.6188835001547828,0.6188835001547828,0.3811164998452172,0.0,NonResidential,Hotel,MAGNOLIA / QUEEN ANNE,Parking,No_Third_Use,0,3,1,1,1,0
5528580.5,191.2,50017.0,0.0,0.0,53.0,2.0,4,0,54,12504.25,1.0,1.0,0.0,0.0,NonResidential,Hotel,NORTHEAST,Swimming Pool,No_Third_Use,2,2,1,1,1,0
3036464.0,78.85,67743.0,0.0,0.0,34.0,1.0,3,0,93,22581.0,1.0,1.0,0.0,0.0,NonResidential,K-12 School,EAST,No_Second_Use,No_Third_Use,3,3,1,1,1,0
7204080.0,243.23,194104.0,0.0,0.0,100.0,1.0,6,0,108,32350.666666666668,1.0,1.0,0.0,0.0,NonResidential,K-12 School,EAST,No_Second_Use,No_Third_Use,3,4,1,1,1,0
4980737.5,34.14,63681.0,35752.0,0.0,63.0,1.0,3,35752,13,33144.333333333336,0.6404413021833798,0.6404413021833798,0.35955869781662025,0.0,NonResidential,Small- and Mid-Sized Office,SOUTHEAST,Parking,No_Third_Use,0,3,1,1,0,0
6367210.0,44.32,49000.0,0.0,0.0,,1.0,4,0,75,14130.25,1.0,0.8669344137577184,0.0,0.0,NonResidential,Other,NORTHEAST,No_Second_Use,No_Third_Use,3,2,0,1,0,0
4384625.5,133.58,119146.0,0.0,0.0,,1.0,2,0,87,103467.0,1.0,0.5757681193037394,0.0,0.0,NonResidential,Other,NORTHEAST,Parking,No_Third_Use,3,4,0,1,1,0
3616214.0,127.29,51390.0,0.0,0.0,89.0,1.0,4,0,15,12847.5,1.0,1.0,0.0,0.0,NonResidential,Hotel,NORTHWEST,Parking,No_Third_Use,0,2,1,1,1,0
12870916.0,443.73,245587.0,0.0,0.0,92.0,1.0,1,0,57,245587.0,1.0,1.0,0.0,0.0,SPS-District K-12,K-12 School,NORTHWEST,No_Second_Use,No_Third_Use,2,4,1,1,1,0
3323400.5,89.02,70609.0,0.0,0.0,78.0,1.0,3,0,14,23046.0,1.0,1.0212762880037027,0.0,0.0,NonResidential,Hotel,NORTHWEST,No_Second_Use,No_Third_Use,0,3,1,1,1,0
6505995.0,142.39,190980.0,19051.0,0.0,98.0,1.0,5,0,112,38196.0,1.0,1.0,0.09975390093203476,0.0,NonResidential,Hotel,DOWNTOWN,Parking,No_Third_Use,3,4,1,1,1,0
14881950.0,429.12,189750.0,0.0,0.0,,1.0,6,0,18,47350.0,1.0,0.6678986272439282,0.0,0.0,Nonresidential COS,Other,DOWNTOWN,No_Second_Use,No_Third_Use,1,4,0,1,1,1
9550716.0,176.75,42755.0,29219.0,0.0,,1.0,4,0,10,15289.0,1.0,0.6991137419059454,0.47777814114723005,0.0,Nonresidential COS,Other,DOWNTOWN,Office,No_Third_Use,0,2,0,1,1,0
2095175.25,46.26,58000.0,0.0,0.0,,1.0,4,13820,106,18205.0,0.8102169733589674,0.7964844822850865,0.0,0.0,NonResidential,Other,DOWNTOWN,No_Second_Use,No_Third_Use,3,3,0,1,1,0
8016521.0,228.4,113702.0,32692.0,0.0,76.0,1.0,4,14200,20,40555.5,0.9124656335145664,0.700903699868082,0.20152630346068967,0.0,NonResidential,Hotel,MAGNOLIA / QUEEN ANNE,Parking,No_Third_Use,1,4,1,1,1,0
3284214.5,74.33,64820.0,0.0,0.0,,1.0,3,0,101,21110.0,1.0,1.0235275540817939,0.0,0.0,NonResidential,University,EAST,No_Second_Use,No_Third_Use,3,3,0,1,1,0
41151732.0,866.23,483000.0,0.0,0.0,,27.0,2,0,46,220535.5,1.0,1.095061792772592,0.0,0.0,Campus,University,DELRIDGE,No_Second_Use,No_Third_Use,2,4,0,1,1,0
16274449.0,222.02,92300.0,4944.0,0.0,,1.0,2,0,14,48150.0,1.0,0.9584631360332295,0.05133956386292835,0.0,NonResidential,Small- and Mid-Sized Office,NORTHEAST,Data Center,No_Third_Use,0,3,0,1,1,0
8086930.5,204.08,68359.0,0.0,0.0,,1.0,1,0,66,67356.0,1.0,1.014891026783063,0.0,0.0,Nonresidential COS,Other,GREATER DUWAMISH,No_Second_Use,No_Third_Use,2,3,0,1,1,0
4503671.5,61.21,25765.0,25000.0,0.0,,1.0,1,0,58,54765.0,1.0,0.4704647128640555,0.45649593718615905,0.0,NonResidential,Small- and Mid-Sized Office,GREATER DUWAMISH,Other,No_Third_Use,2,2,0,1,1,0
2220796.5,100.46,46483.0,37938.0,4579.0,,1.0,5,0,7,17964.2,1.0,0.5175070417831019,0.4223733870698389,0.05097916968192293,NonResidential,Other,GREATER DUWAMISH,Office,Food Service,0,3,0,1,1,0
4390158.0,104.26,52611.0,0.0,0.0,,1.0,2,0,36,26305.5,1.0,1.0,0.0,0.0,NonResidential,University,MAGNOLIA / QUEEN ANNE,No_Second_Use,No_Third_Use,1,2,0,1,1,0
4800620.5,129.39,135520.0,0.0,0.0,89.0,1.0,4,37500,15,34900.0,0.7313753581661891,0.9707736389684813,0.0,0.0,NonResidential,Residence Hall,MAGNOLIA / QUEEN ANNE,No_Second_Use,No_Third_Use,0,4,1,1,1,0
9287467.0,222.78,238550.0,0.0,0.0,96.0,1.0,2,0,5,118379.0,1.0,1.0075689100262715,0.0,0.0,SPS-District K-12,K-12 School,NORTH,Parking,No_Third_Use,0,4,1,1,1,0
14196194.0,422.39,137565.0,78357.0,0.0,,3.0,6,0,45,41830.166666666664,1.0,0.5481092194229842,0.3122029157585634,0.0,NonResidential,Other,CENTRAL,Courthouse,No_Third_Use,2,4,0,1,1,1
3375016.25,49.58,30000.0,15000.0,9015.0,21.0,1.0,3,0,9,21338.333333333332,1.0,0.46864016246192297,0.23432008123096149,0.14082636881980787,NonResidential,Small- and Mid-Sized Office,GREATER DUWAMISH,Non-Refrigerated Warehouse,Other - Services,0,3,1,1,1,0
28763498.0,723.47,505103.0,24936.0,0.0,98.0,1.0,1,0,65,530039.0,1.0,0.9529544052418785,0.047045594758121576,0.0,NonResidential,Retail Store,NORTH,Restaurant,No_Third_Use,2,4,1,1,1,0
7668810.0,231.53,47012.0,0.0,0.0,,1.0,3,0,52,18074.666666666668,1.0,0.8669961640601948,0.0,0.0,NonResidential,Other,NORTH,No_Second_Use,No_Third_Use,2,2,0,1,1,0
8729918.0,66.3,122000.0,0.0,0.0,76.0,1.0,4,0,51,31085.5,1.0,0.9811648517797688,0.0,0.0,NonResidential,Retail Store,NORTH,No_Second_Use,No_Third_Use,2,3,1,1,1,0
3313397.0,83.7,28636.0,15385.0,8644.0,72.0,1.0,3,0,20,18480.666666666668,1.0,0.5165037336315429,0.2774972042855597,0.15591068143284875,NonResidential,Other,NORTHWEST,Parking,Medical Office,1,2,1,1,1,0
1617801.25,51.11,85521.0,0.0,0.0,,1.0,5,0,106,16974.0,1.0,1.0076705549664193,0.0,0.0,NonResidential,Self-Storage Facility,EAST,No_Second_Use,No_Third_Use,3,3,0,1,1,0
37410800.0,362.82,667335.0,0.0,0.0,,11.0,2,111625,46,347036.0,0.8391737456632741,0.9614780599130925,0.0,0.0,Campus,University,NORTHWEST,No_Second_Use,No_Third_Use,2,4,0,1,1,0
2415462.5,69.44,114297.0,0.0,0.0,61.0,1.0,4,0,112,28574.25,1.0,1.0,0.0,0.0,NonResidential,Warehouse,GREATER DUWAMISH,No_Second_Use,No_Third_Use,3,3,1,1,1,0
7874958.5,297.43,234144.0,0.0,0.0,87.0,1.0,1,0,79,234144.0,1.0,1.0,0.0,0.0,NonResidential,Warehouse,GREATER DUWAMISH,No_Second_Use,No_Third_Use,3,4,1,1,1,0
3016373.5,35.78,65425.0,0.0,0.0,72.0,1.0,1,0,50,64984.0,1.0,1.0067862858549796,0.0,0.0,NonResidential,Retail Store,DELRIDGE,No_Second_Use,No_Third_Use,2,3,1,1,1,0
9589728.0,369.14,67782.0,0.0,0.0,37.0,1.0,1,0,51,67745.0,1.0,1.0005461657686914,0.0,0.0,NonResidential,Retail Store,DELRIDGE,No_Second_Use,No_Third_Use,2,3,1,1,1,0
13279344.0,272.85,367884.0,0.0,0.0,97.0,1.0,2,0,6,183942.0,1.0,1.0,0.0,0.0,SPS-District K-12,K-12 School,DELRIDGE,No_Second_Use,No_Third_Use,0,4,1,1,1,0
2088978.125,59.34,56000.0,0.0,0.0,,1.0,3,0,43,18666.666666666668,1.0,1.0,0.0,0.0,NonResidential,Other,BALLARD,No_Second_Use,No_Third_Use,2,2,0,1,1,0
1576122.875,48.99,52088.0,0.0,0.0,,1.0,2,0,47,26044.0,1.0,1.0,0.0,0.0,NonResidential,Self-Storage Facility,SOUTHWEST,No_Second_Use,No_Third_Use,2,2,0,1,1,0
9676783.0,309.6,123920.0,30000.0,0.0,79.0,1.0,5,30000,18,24784.0,0.7579083279535184,1.0,0.2420916720464816,0.0,NonResidential,Hotel,LAKE UNION,Parking,Swimming Pool,1,3,1,1,1,0
7942537.5,225.69,43000.0,0.0,0.0,,1.0,1,0,116,50000.0,1.0,0.86,0.0,0.0,Nonresidential COS,Other,LAKE UNION,No_Second_Use,No_Third_Use,3,2,0,1,1,0
11754087.0,338.16,141591.0,0.0,0.0,76.0,1.0,7,54341,18,29665.14285714286,0.7383124012790384,0.6818536425626999,0.0,0.0,NonResidential,Hotel,MAGNOLIA / QUEEN ANNE,No_Second_Use,No_Third_Use,1,4,1,1,1,0
10005492.0,175.77,57968.0,32881.0,11850.0,,1.0,2,0,59,45565.0,1.0,0.6361022714803028,0.3608142214418962,0.13003401733786898,Nonresidential COS,Small- and Mid-Sized Office,NORTHWEST,Distribution Center,Parking,2,3,0,1,1,0
6211749.5,208.26,64893.0,0.0,0.0,70.0,1.0,4,0,48,16223.25,1.0,1.0,0.0,0.0,NonResidential,Hotel,NORTHWEST,No_Second_Use,No_Third_Use,2,3,1,1,1,0
1722053.0,28.27,34416.0,7672.0,2470.0,78.0,1.0,3,0,116,14852.666666666666,1.0,0.7723865523587234,0.17218007989586606,0.055433367745410474,NonResidential,Small- and Mid-Sized Office,DOWNTOWN,Self-Storage Facility,Restaurant,3,2,1,1,1,0
62160304.0,892.63,1585960.0,0.0,0.0,,1.0,6,327680,17,264326.6666666667,0.7933869706676082,1.0,0.0,0.0,NonResidential,Other,GREATER DUWAMISH,Parking,No_Third_Use,1,4,0,1,1,0
10168523.0,96.43,117476.0,37321.0,25543.0,,1.0,2,0,92,89580.5,1.0,0.65570073844196,0.20830984421832877,0.14257009058891165,Nonresidential COS,Distribution Center,GREATER DUWAMISH,Office,Other,3,4,0,1,1,0
4327563.5,27.39,40831.0,16735.0,11533.0,,1.0,2,0,51,29320.0,1.0,0.6962994542974079,0.2853854024556617,0.19667462482946793,Nonresidential COS,Warehouse,GREATER DUWAMISH,Other - Services,Office,2,2,0,1,0,0
57406988.0,1246.55,1172127.0,0.0,0.0,,1.0,3,0,17,390709.0,1.0,1.0,0.0,0.0,NonResidential,Other,GREATER DUWAMISH,No_Second_Use,No_Third_Use,1,4,0,1,1,0
12871628.0,388.37,135006.0,20600.0,9216.0,64.0,1.0,9,14567,11,18716.555555555555,0.9135227873124804,0.8014651318796787,0.12229220713687823,0.05471092140647911,NonResidential,Hotel,GREATER DUWAMISH,Parking,Food Service,0,4,1,1,1,0
54136068.0,748.55,240984.0,72963.0,16766.0,,14.0,2,31874,36,167184.0,0.9046738922384917,0.720714900947459,0.21821167097329888,0.0501423581203943,Campus,Large Office,GREATER DUWAMISH,Laboratory,Other - Utility,1,4,0,1,1,0
9238992.0,162.41,335109.0,65000.0,13567.0,,1.0,6,335109,8,69974.66666666667,0.20183256797698215,0.7981674320230179,0.15481793410948724,0.03231407557020636,NonResidential,Other,NORTH,Movie Theater,Medical Office,0,4,0,1,1,0
10864032.0,92.91,58563.0,48520.0,29839.0,,1.0,4,0,14,27696.25,1.0,0.5286184952836576,0.4379654285327436,0.2693415173534323,NonResidential,Mixed Use Property,MAGNOLIA / QUEEN ANNE,Supermarket/Grocery Store,Parking,0,3,0,1,1,0
10281401.0,193.94,55259.0,40091.0,3231.0,,1.0,5,12611,17,20559.2,0.8773201291879061,0.5375598272306316,0.3900054476827892,0.031431184092766254,NonResidential,Senior Care Community,DOWNTOWN,Medical Office,K-12 School,1,3,0,1,1,0
1597907.25,72.88,55500.0,0.0,0.0,98.0,1.0,2,0,88,27826.5,1.0,0.9972508220581101,0.0,0.0,NonResidential,K-12 School,NORTHEAST,No_Second_Use,No_Third_Use,3,2,1,1,1,0
12616417.0,469.57,106860.0,0.0,0.0,49.0,1.0,16,0,85,6678.75,1.0,1.0,0.0,0.0,NonResidential,Hotel,NORTHEAST,No_Second_Use,No_Third_Use,3,3,1,1,1,0
3321734.0,49.09,47079.0,3680.0,0.0,62.0,1.0,5,0,44,10151.8,1.0,0.9275005417758427,0.07249945822415729,0.0,NonResidential,Small- and Mid-Sized Office,NORTH,Restaurant,No_Third_Use,2,2,1,1,1,0
2762805.5,84.57,56772.0,0.0,0.0,46.0,1.0,2,0,64,28386.0,1.0,1.0,0.0,0.0,NonResidential,Worship Facility,NORTHEAST,No_Second_Use,No_Third_Use,2,2,1,1,1,0
5391782.0,149.93,103000.0,0.0,0.0,42.0,1.0,3,0,64,34333.333333333336,1.0,1.0,0.0,0.0,NonResidential,Worship Facility,NORTHEAST,No_Second_Use,No_Third_Use,2,3,1,1,1,0
6057410.0,57.21,109754.0,12876.0,6136.0,,1.0,7,0,102,18395.14285714286,1.0,0.8523523290309554,0.09999534038488421,0.047652330584160414,NonResidential,Other,DOWNTOWN,Other,Office,3,3,0,1,1,0
5879083.0,254.87,63934.0,27143.0,10568.0,76.0,1.0,9,0,103,11952.444444444445,1.0,0.5943368162718923,0.2523240248391775,0.09824117800171048,NonResidential,Residence Hall,DOWNTOWN,Office,Retail Store,3,3,1,1,0,1
3576720.0,101.41,77810.0,0.0,0.0,,1.0,1,0,43,76086.0,1.0,1.0226585705648872,0.0,0.0,NonResidential,Other,MAGNOLIA / QUEEN ANNE,No_Second_Use,No_Third_Use,2,3,0,1,1,0
28731502.0,661.04,146741.0,9805.0,0.0,1.0,1.0,5,39000,89,38000.0,0.7947368421052632,0.7723210526315789,0.05160526315789474,0.0,NonResidential,Medical Office,MAGNOLIA / QUEEN ANNE,Office,No_Third_Use,3,4,1,1,1,0
24606366.0,639.39,217088.0,0.0,0.0,,4.0,3,0,21,71825.33333333333,1.0,1.007481111585513,0.0,0.0,Campus,Other,DOWNTOWN,No_Second_Use,No_Third_Use,1,4,0,1,1,0
26831896.0,780.84,277000.0,0.0,0.0,29.0,1.0,8,38800,13,31784.125,0.8474081007421158,1.0893803117122147,0.0,0.0,NonResidential,Hotel,DOWNTOWN,No_Second_Use,No_Third_Use,0,4,1,1,1,0
15230290.0,301.76,69400.0,0.0,0.0,,1.0,2,0,36,34700.0,1.0,1.0,0.0,0.0,Nonresidential COS,Other,DOWNTOWN,No_Second_Use,No_Third_Use,1,3,0,1,1,0
1500938.5,44.22,33000.0,7000.0,0.0,98.0,1.0,4,0,102,14125.0,1.0,0.584070796460177,0.12389380530973451,0.0,NonResidential,Small- and Mid-Sized Office,DOWNTOWN,Retail Store,No_Third_Use,3,2,1,1,0,1
3944732.0,26.39,159372.0,44132.0,0.0,72.0,1.0,4,0,8,50876.0,1.0,0.7831393977513955,0.21686060224860446,0.0,NonResidential,Warehouse,GREATER DUWAMISH,Other - Services,No_Third_Use,0,4,1,1,0,0
5168686.5,68.19,62108.0,17570.0,0.0,57.0,1.0,4,18504,35,19415.5,0.7617367567149957,0.7997218717004455,0.22623676959130593,0.0,NonResidential,Small- and Mid-Sized Office,DOWNTOWN,Parking,No_Third_Use,1,3,1,1,1,0
18811322.0,149.27,173786.0,29865.0,25373.0,39.0,1.0,12,21790,38,19500.0,0.9068803418803418,0.7426752136752137,0.12762820512820514,0.10843162393162394,NonResidential,Large Office,DOWNTOWN,Laboratory,Parking,2,4,1,1,1,0
24755086.0,172.58,383942.0,127192.0,0.0,74.0,1.0,25,0,27,14799.84,1.0,1.0376922993762094,0.3437658785500384,0.0,NonResidential,Large Office,DOWNTOWN,Parking,No_Third_Use,1,4,1,1,0,0
40037736.0,398.19,361107.0,332343.0,0.0,93.0,1.0,10,0,91,69345.0,1.0,0.5207397793640494,0.4792602206359507,0.0,NonResidential,Retail Store,DOWNTOWN,Office,No_Third_Use,3,4,1,1,1,1
42227404.0,313.3,622034.0,132465.0,33110.0,89.0,1.0,33,0,40,23981.696969696968,1.0,0.7859958857512548,0.16738143735879382,0.04183746190276423,NonResidential,Large Office,DOWNTOWN,Parking,Other,2,4,1,1,1,0
31693704.0,359.11,542461.0,219045.0,9337.0,90.0,1.0,23,205076,16,32510.739130434784,0.7257414606812197,0.7254606170268821,0.29293999173517243,0.012486843812145017,NonResidential,Large Office,DOWNTOWN,Parking,Restaurant,0,4,1,1,1,0
3826622.5,170.51,45260.0,6187.0,0.0,90.0,1.0,10,7757,90,6340.9,0.8776672081250295,0.7137788011165608,0.09757289974609283,0.0,NonResidential,Small- and Mid-Sized Office,DOWNTOWN,Retail Store,No_Third_Use,3,3,1,1,0,1
8081443.0,100.26,142034.0,17070.0,14666.0,91.0,1.0,17,30000,86,12046.470588235294,0.8535084720933639,0.6935592558230382,0.08335367937887592,0.07161482494262415,NonResidential,Large Office,DOWNTOWN,Other - Recreation,Retail Store,3,4,1,1,1,0
3992167.75,26.19,51557.0,9976.0,0.0,61.0,1.0,5,0,100,14679.8,1.0,0.7024210139102712,0.13591465823785065,0.0,NonResidential,Small- and Mid-Sized Office,DOWNTOWN,Retail Store,No_Third_Use,3,3,1,1,0,0
15742790.0,563.25,226454.0,29214.0,0.0,90.0,1.0,20,32334,47,13292.55,0.8783754810025165,0.8518079676209606,0.10988862182199803,0.0,NonResidential,Large Office,DOWNTOWN,Parking,No_Third_Use,2,4,1,1,0,1
27018020.0,229.25,582725.0,191082.0,0.0,95.0,1.0,25,228668,7,30321.72,0.6983442891762077,0.7687228824750048,0.2520727715973896,0.0,NonResidential,Large Office,DOWNTOWN,Parking,No_Third_Use,0,4,1,1,1,0
9075988.0,222.19,161000.0,51250.0,0.0,91.0,1.0,12,0,48,17166.666666666668,1.0,0.7815533980582524,0.2487864077669903,0.0,NonResidential,Large Office,DOWNTOWN,Parking,No_Third_Use,2,4,1,1,0,1
39360016.0,275.54,743562.0,161119.0,0.0,97.0,1.0,36,154972,7,22913.527777777777,0.812129418938594,0.9014107386829954,0.19532251084087882,0.0,NonResidential,Large Office,DOWNTOWN,Parking,No_Third_Use,0,4,1,1,0,0
18468776.0,130.73,311736.0,123356.0,18239.0,94.0,1.0,16,141600,26,30052.5,0.7055153481407537,0.6483154479660594,0.25654271691207053,0.037931536477830465,NonResidential,Large Office,DOWNTOWN,Parking,Fitness Center/Health Club/Gym,1,4,1,1,1,0
4135330.5,51.67,64712.0,10058.0,7030.0,85.0,1.0,7,0,116,12792.857142857143,1.0,0.7226353992183138,0.11231714126186489,0.07850362925739811,NonResidential,Small- and Mid-Sized Office,DOWNTOWN,Retail Store,Social/Meeting Hall,3,3,1,1,0,1
4188308.75,31.97,82355.0,7000.0,0.0,66.0,1.0,6,0,116,14892.5,1.0,0.9216607912260086,0.07833920877399138,0.0,NonResidential,Small- and Mid-Sized Office,DOWNTOWN,Retail Store,No_Third_Use,3,3,1,1,1,0
18982748.0,213.23,388934.0,0.0,0.0,89.0,1.0,15,0,94,25928.933333333334,1.0,1.0,0.0,0.0,NonResidential,Large Office,DOWNTOWN,No_Second_Use,No_Third_Use,3,4,1,1,0,1
10471812.0,70.15,348969.0,3291.899902,1437.0,98.0,1.0,22,0,87,17468.272727272728,1.0,0.9080592867068087,0.00856591925620996,0.00373924673824232,NonResidential,Large Office,DOWNTOWN,Convenience Store without Gas Station,Food Service,3,4,1,1,0,0
44683660.0,318.97,1011135.0,272682.0,37595.0,94.0,1.0,47,0,33,28150.106382978724,1.0,0.7642426051827022,0.20610027549875098,0.028415296416248757,NonResidential,Large Office,DOWNTOWN,Parking,Restaurant,1,4,1,1,1,0
24603420.0,171.52,470416.0,107667.0,10290.0,84.0,1.0,41,129432,30,14388.317073170732,0.7805943507690013,0.7974220276952337,0.18251087857526685,0.01744301355605242,NonResidential,Large Office,DOWNTOWN,Parking,Pre-school/Daycare,1,4,1,1,0,0
1916413.75,46.56,89699.0,1392.0,0.0,,1.0,6,1392,66,15181.833333333334,0.9847185781251715,0.9847185781251715,0.015281421874828468,0.0,NonResidential,Small- and Mid-Sized Office,DOWNTOWN,Parking,No_Third_Use,2,3,0,1,0,1
3743228.5,26.1,84838.0,15401.0,0.0,81.0,1.0,8,62993,48,19742.625,0.6011611931037539,0.5371499483984525,0.09751109591556341,0.0,NonResidential,Large Office,DOWNTOWN,Parking,No_Third_Use,2,4,1,1,0,0
18754466.0,139.72,522667.0,194435.0,6122.0,95.0,1.0,29,197231,25,21907.0,0.6895481368732715,0.822705071438353,0.3060508135488106,0.009636346751077832,NonResidential,Large Office,DOWNTOWN,Parking,Convenience Store without Gas Station,1,4,1,1,0,1
32577050.0,231.32,606050.0,154947.0,0.0,81.0,1.0,34,162604,36,22845.941176470587,0.7906643218901027,0.7802261181674696,0.19947808981386833,0.0,NonResidential,Large Office,DOWNTOWN,Parking,No_Third_Use,1,4,1,1,1,0
9843217.0,218.53,182540.0,33671.0,240.0,95.0,1.0,14,23775,44,13340.57142857143,0.8727030326394243,0.9773622890430909,0.18028248950569692,0.0012850167052171678,NonResidential,Large Office,DOWNTOWN,Parking,Data Center,2,4,1,1,0,1
47518124.0,627.87,808980.0,232248.0,30329.0,89.0,1.0,49,368980,47,22927.244897959183,0.6715608824720611,0.7200950655801182,0.20673025141641482,0.026996666473805782,NonResidential,Large Office,DOWNTOWN,Parking,Other,2,4,1,1,1,0
42071712.0,287.32,765351.0,185581.0,103478.0,93.0,1.0,37,164420,14,28445.108108108107,0.8437768713377781,0.7271957653859639,0.17632918404247536,0.09831928541363213,NonResidential,Large Office,DOWNTOWN,Parking,Financial Office,0,4,1,1,0,0
71568952.0,546.65,581558.0,189600.0,18026.0,28.0,1.0,42,171500,43,14706.761904761905,0.7223499394512405,0.9415137837470292,0.3069530698544887,0.029183206947241632,NonResidential,Large Office,DOWNTOWN,Parking,Retail Store,2,4,1,1,0,1
9510490.0,175.95,161762.0,29094.0,10624.0,91.0,1.0,8,0,109,25185.0,1.0,0.8028687710939051,0.14440142942227516,0.052729799483819735,NonResidential,Large Office,DOWNTOWN,Retail Store,Non-Refrigerated Warehouse,3,4,1,1,0,1
61576184.0,429.27,1191115.0,159599.0,18656.0,89.0,1.0,63,159600,26,21507.73015873016,0.8822128920794075,0.8790600943034877,0.11778636990613194,0.013768397777986063,Nonresidential COS,Large Office,DOWNTOWN,Parking,Other,1,4,1,1,0,0
21960822.0,380.37,269284.0,28394.0,600.0,,1.0,14,0,15,22177.85714285714,1.0,0.8672871912138878,0.09144899996779285,0.001932429385809527,Nonresidential COS,Large Office,DOWNTOWN,Other,Data Center,0,4,0,1,1,0
13972700.0,298.61,160418.0,18590.0,17480.0,69.0,1.0,8,30660,13,24941.25,0.8463388964065554,0.8039793514759686,0.09316894702550994,0.08760587380343808,Nonresidential COS,Large Office,DOWNTOWN,Parking,Other,0,4,1,1,1,0
13862720.0,216.24,319539.0,52703.0,0.0,98.0,1.0,13,52703,10,28634.0,0.8584173736440273,0.8584173736440273,0.14158262635597274,0.0,NonResidential,Large Office,DOWNTOWN,Parking,No_Third_Use,0,4,1,1,1,0
2970604.25,70.17,96582.0,0.0,0.0,99.0,1.0,7,8296,107,16342.142857142857,0.9274793478735959,0.8442851523230911,0.0,0.0,NonResidential,Large Office,DOWNTOWN,No_Second_Use,No_Third_Use,3,3,1,1,1,0
6707359.5,89.47,89200.0,0.0,0.0,83.0,1.0,2,0,38,44600.0,1.0,1.0,0.0,0.0,NonResidential,Retail Store,NORTHEAST,No_Second_Use,No_Third_Use,2,3,1,1,1,0
29997380.0,198.34,474546.0,0.0,0.0,77.0,1.0,23,0,45,20632.434782608696,1.0,1.0,0.0,0.0,NonResidential,Large Office,NORTHEAST,No_Second_Use,No_Third_Use,2,4,1,1,0,0
4426136.0,30.86,95943.0,42500.0,0.0,88.0,1.0,6,44248,14,22508.5,0.6723608118414525,0.7104205078081614,0.3146959296858224,0.0,NonResidential,Large Office,NORTHEAST,Parking,No_Third_Use,0,3,1,1,0,0
7046345.5,49.12,145754.0,90000.0,0.0,93.0,1.0,5,82720,14,44129.8,0.625105937484421,0.6605695017879075,0.4078876405512828,0.0,NonResidential,Large Office,NORTHEAST,Parking,No_Third_Use,0,4,1,1,0,0
24224888.0,168.88,348270.0,69634.0,0.0,79.0,1.0,18,64660,36,22984.166666666668,0.843708833375633,0.8418113919002211,0.16831393592207194,0.0,NonResidential,Large Office,DOWNTOWN,Parking,No_Third_Use,1,4,1,1,0,0
9944328.0,72.42,182820.0,164192.0,37782.0,94.0,1.0,11,195621,16,34671.0,0.48707198313497524,0.47936315652851086,0.43051961162197383,0.099066288042666,NonResidential,Mixed Use Property,DOWNTOWN,Office,Fitness Center/Health Club/Gym,0,4,1,1,1,0
26144226.0,176.43,424044.0,107300.0,0.0,79.0,1.0,24,116721,37,22661.5,0.7853904198751186,0.7796703660393178,0.1972876170303525,0.0,NonResidential,Large Office,DOWNTOWN,Parking,No_Third_Use,2,4,1,1,0,0
8381544.5,91.13,42389.0,38700.0,28258.0,,1.0,4,38700,36,27336.75,0.6460808252626958,0.3876558113162684,0.35391917473730417,0.2584250139464274,NonResidential,Mixed Use Property,DOWNTOWN,Parking,Office,1,3,0,1,1,0
20179120.0,141.95,274002.0,122624.0,0.0,64.0,1.0,6,124216,34,66104.33333333333,0.6868183124656477,0.6908321693484543,0.3091678306515458,0.0,NonResidential,Large Office,DOWNTOWN,Parking,No_Third_Use,1,4,1,1,0,0
14913424.0,103.97,191814.0,72178.0,5322.0,74.0,1.0,6,83591,14,47911.833333333336,0.7092193647359212,0.6672464352926034,0.2510792392971813,0.018513171763412658,NonResidential,Large Office,DOWNTOWN,Parking,Other - Restaurant/Bar,0,4,1,1,0,0
5569686.0,46.03,146157.0,48199.0,0.0,94.0,1.0,3,48512,69,64210.0,0.7481596843689976,0.7587447438093755,0.25021543892436277,0.0,NonResidential,Large Office,DOWNTOWN,Parking,No_Third_Use,3,4,1,1,1,0
29949248.0,208.79,158681.0,70190.0,21782.0,3.0,1.0,8,61986,32,31637.875,0.755095751531985,0.6269423910423819,0.27731792985464415,0.08605982544655733,NonResidential,Large Office,DOWNTOWN,Parking,Other,1,4,1,1,0,0
2933288.75,24.91,50328.0,8329.0,4253.0,77.0,1.0,5,0,116,10035.2,1.0,1.0030293367346939,0.16599569515306123,0.08476163903061225,NonResidential,Small- and Mid-Sized Office,DOWNTOWN,Other,Restaurant,3,2,1,1,1,0
24880988.0,741.3,245028.0,8429.0,7518.0,72.0,1.0,42,0,104,7246.333333333333,1.0,0.8050968305809835,0.027695451886997038,0.024702148212889276,NonResidential,Large Office,DOWNTOWN,Retail Store,Other - Restaurant/Bar,3,4,1,1,1,1
2098949.75,78.92,119200.0,9600.0,0.0,97.0,1.0,1,0,39,128800.0,1.0,0.9254658385093167,0.07453416149068323,0.0,NonResidential,Warehouse,GREATER DUWAMISH,Other,No_Third_Use,2,3,1,1,1,0
14072349.0,355.05,166919.0,39355.0,19787.0,76.0,1.0,8,0,89,40243.125,1.0,0.5184705462113094,0.12224137663265465,0.06146080852319496,NonResidential,Large Office,DOWNTOWN,Performing Arts,Retail Store,3,4,1,1,0,1
19730534.0,530.66,256299.0,66430.0,7438.0,77.0,1.0,22,0,52,15287.727272727272,1.0,0.762046204620462,0.1975143460291975,0.022115184491422114,NonResidential,Large Office,DOWNTOWN,Parking,Other - Restaurant/Bar,2,4,1,1,1,1
28559888.0,1084.79,286538.0,197750.0,11888.0,79.0,1.0,21,0,56,14210.761904761905,1.0,0.9601643288453419,0.6626433353662214,0.03983567115465811,NonResidential,Large Office,DOWNTOWN,Parking,Other - Education,2,4,1,1,0,1
48479988.0,337.97,718473.0,40000.0,19671.0,69.0,1.0,42,0,40,15138.666666666666,1.0,1.1299872291703363,0.0629104909534714,0.030937806688643398,NonResidential,Large Office,DOWNTOWN,Parking,Restaurant,2,4,1,1,0,0
57051236.0,2573.75,542305.0,0.0,0.0,45.0,1.0,12,0,93,45192.083333333336,1.0,1.0,0.0,0.0,NonResidential,Hotel,DOWNTOWN,Swimming Pool,No_Third_Use,3,4,1,1,1,1
12080064.0,162.45,191940.0,100000.0,0.0,80.0,1.0,2,0,36,145970.0,1.0,0.6574638624374871,0.34253613756251283,0.0,NonResidential,Retail Store,SOUTHEAST,Office,No_Third_Use,1,4,1,1,1,0
1109137.125,48.65,51116.0,0.0,0.0,96.0,1.0,1,0,56,52311.0,1.0,0.9771558563208503,0.0,0.0,NonResidential,Warehouse,NORTHWEST,No_Second_Use,No_Third_Use,2,2,1,1,1,0
3085814.0,21.51,74831.0,71643.0,0.0,,1.0,5,69710,7,28226.2,0.5060617440533972,0.5302236928810821,0.5076347506926189,0.0,NonResidential,Other,LAKE UNION,Office,No_Third_Use,0,4,0,1,0,0
5803409.0,40.46,103494.0,70067.0,0.0,60.0,1.0,5,70067,15,35306.4,0.6030917907234948,0.5862619808306709,0.3969082092765051,0.0,NonResidential,Large Office,LAKE UNION,Parking,No_Third_Use,0,4,1,1,0,0
4243867.0,70.47,49395.0,5853.0,0.0,2.0,1.0,1,0,43,52500.0,1.0,0.9408571428571428,0.11148571428571429,0.0,NonResidential,Warehouse,BALLARD,Office,No_Third_Use,2,2,1,1,1,0
5095134.5,156.67,29001.0,28299.0,0.0,55.0,1.0,2,0,57,28650.0,1.0,0.5061256544502618,0.49387434554973825,0.0,NonResidential,Warehouse,BALLARD,Office,No_Third_Use,2,2,1,1,1,0
18102026.0,224.36,305233.0,26900.0,7666.0,90.0,1.0,6,0,100,58385.0,1.0,0.8713225428905826,0.07678912962804373,0.021883474636750305,NonResidential,Large Office,DOWNTOWN,College/University,Restaurant,3,4,1,1,1,0
55140300.0,588.9,994116.0,264481.0,133598.0,92.0,1.0,55,285000,28,25454.545454545456,0.7964285714285714,0.7100828571428571,0.188915,0.09542714285714286,NonResidential,Large Office,DOWNTOWN,Parking,Other,1,4,1,1,1,1
34527356.0,1510.85,310000.0,0.0,0.0,58.0,1.0,21,0,86,14549.904761904761,1.0,1.0145705421079503,0.0,0.0,NonResidential,Hotel,DOWNTOWN,No_Second_Use,No_Third_Use,3,4,1,1,1,1
58506844.0,530.18,1002403.0,377046.0,53116.0,89.0,1.0,46,512608,27,33404.47826086957,0.6664024479925238,0.6523487478247514,0.2453758478100437,0.03456709136890003,NonResidential,Large Office,DOWNTOWN,Parking,Other,1,4,1,1,1,0
6771618.5,193.72,144570.0,0.0,0.0,91.0,1.0,10,0,58,13591.8,1.0,1.0636560278991745,0.0,0.0,NonResidential,Large Office,DOWNTOWN,No_Second_Use,No_Third_Use,2,3,1,1,0,1
5171529.0,36.61,35694.0,29723.0,0.0,25.0,1.0,4,0,102,19989.25,1.0,0.4464149480345686,0.3717373088034819,0.0,NonResidential,Retail Store,DOWNTOWN,Office,No_Third_Use,3,3,1,1,0,0
19249572.0,131.4,411301.0,80005.0,14528.0,93.0,1.0,29,0,33,17241.379310344826,1.0,0.822602,0.16001,0.029056,NonResidential,Large Office,DOWNTOWN,Parking,Retail Store,1,4,1,1,0,0
7335905.5,51.14,83485.0,13200.0,5000.0,45.0,1.0,6,13200,32,18305.0,0.8798142583993445,0.760129290722025,0.12018574160065555,0.04552490212146044,NonResidential,Large Office,DOWNTOWN,Parking,Retail Store,1,3,1,1,0,0
11792293.0,318.08,87391.0,32264.0,10858.0,49.0,1.0,10,0,106,13051.3,1.0,0.6695961321860657,0.24720909028219412,0.08319477753174014,NonResidential,Large Office,DOWNTOWN,Retail Store,Restaurant,3,3,1,1,1,1
2586116.0,18.03,41958.0,4800.0,0.0,,1.0,8,0,96,7582.5,1.0,0.6916913946587537,0.0791295746785361,0.0,NonResidential,Small- and Mid-Sized Office,DOWNTOWN,Retail Store,No_Third_Use,3,2,0,1,0,0
6825027.0,202.99,124508.0,0.0,0.0,89.0,1.0,14,0,87,9810.714285714286,1.0,0.9065016381507098,0.0,0.0,NonResidential,Large Office,DOWNTOWN,No_Second_Use,No_Third_Use,3,3,1,1,0,1
53974556.0,793.05,643083.0,126891.0,13422.0,72.0,1.0,30,134662,31,25166.666666666668,0.8216397350993377,0.8517655629139073,0.16806754966887416,0.017777483443708608,NonResidential,Large Office,DOWNTOWN,Parking,Restaurant,1,4,1,1,1,1
3564626.75,74.83,56747.0,0.0,0.0,72.0,1.0,4,0,110,15885.0,1.0,0.8930909663204281,0.0,0.0,NonResidential,Small- and Mid-Sized Office,DOWNTOWN,No_Second_Use,No_Third_Use,3,3,1,1,1,0
7163323.5,48.54,87925.0,27177.0,6644.0,80.0,1.0,10,0,89,13089.3,1.0,0.6717318725982291,0.20762760422635282,0.05075901690693926,NonResidential,Large Office,DOWNTOWN,Supermarket/Grocery Store,Medical Office,3,3,1,1,0,0
2977095.25,20.98,39960.0,26640.0,13320.0,,1.0,5,0,106,15984.0,1.0,0.5,0.3333333333333333,0.16666666666666666,NonResidential,Mixed Use Property,DOWNTOWN,Retail Store,Other,3,3,0,1,0,0
14879755.0,316.2,44078.0,19182.0,14380.0,,1.0,4,0,108,34350.0,1.0,0.32080058224163027,0.13960698689956333,0.10465793304221252,Campus,Mixed Use Property,DOWNTOWN,Other - Restaurant/Bar,Multifamily Housing,3,3,0,1,1,0
9671619.0,185.03,64821.0,40629.0,13039.0,,1.0,6,86429,20,24642.0,0.4154357059762465,0.43841814787760736,0.2747950653356059,0.0881895408922436,NonResidential,Other,DOWNTOWN,Retail Store,Other - Restaurant/Bar,1,4,0,1,1,0
50984500.0,525.78,1314475.0,389860.0,30744.0,97.0,1.0,56,389860,27,28671.035714285714,0.7571840172199669,0.8186927075483097,0.2428159827800331,0.01914824443284599,NonResidential,Large Office,DOWNTOWN,Parking,Other,1,4,1,1,1,1
27340878.0,216.43,748011.0,36606.0,9975.0,96.0,1.0,36,0,36,22072.0,1.0,0.941377461640691,0.046068925939350004,0.012553612419958922,NonResidential,Large Office,DOWNTOWN,Parking,Other,1,4,1,1,1,0
20421248.0,135.23,342952.0,106466.0,0.0,74.0,1.0,21,93204,45,21728.761904761905,0.7957414355342053,0.7515866615238963,0.23332252182755356,0.0,NonResidential,Large Office,DOWNTOWN,Parking,No_Third_Use,2,4,1,1,0,0
4757299.5,33.17,104788.0,11844.0,528.0,89.0,1.0,12,15140,30,9654.75,0.8693216637751711,0.9044598082118473,0.1022294725394236,0.004557342240865895,NonResidential,Large Office,DOWNTOWN,Parking,Restaurant,1,3,1,1,0,0
4549892.0,31.72,70090.0,1672.0,0.0,72.0,1.0,4,17500,17,21875.0,0.8,0.8010285714285714,0.01910857142857143,0.0,NonResidential,Small- and Mid-Sized Office,DOWNTOWN,Other,No_Third_Use,1,3,1,1,0,0
13329024.0,92.92,150969.0,41829.0,0.0,72.0,1.0,11,184776,18,34036.818181818184,0.5064809497736409,0.4032237817336841,0.11172126440619115,0.0,NonResidential,Large Office,DOWNTOWN,Laboratory,No_Third_Use,1,4,1,1,0,0
14436982.0,100.65,146689.0,0.0,0.0,,1.0,12,38000,31,16125.0,0.8036175710594315,0.7580826873385013,0.0,0.0,NonResidential,Other,DOWNTOWN,No_Second_Use,No_Third_Use,1,4,0,1,0,0
6047637.0,281.55,93879.0,7500.0,0.0,96.0,1.0,11,0,93,9349.636363636364,1.0,0.9128113879003559,0.07292456682807304,0.0,NonResidential,Large Office,DOWNTOWN,Retail Store,No_Third_Use,3,3,1,1,0,1
2500323.75,44.48,38880.0,12960.0,0.0,83.0,1.0,4,0,91,13200.0,1.0,0.7363636363636363,0.24545454545454545,0.0,NonResidential,Small- and Mid-Sized Office,DOWNTOWN,Restaurant,No_Third_Use,3,2,1,1,1,0
21536130.0,418.9,155000.0,145594.0,103200.0,,3.0,10,0,103,25849.7,1.0,0.5996201116453963,0.5632328421606441,0.39923093885035416,Campus,Mixed Use Property,DOWNTOWN,Office,Retail Store,3,4,0,1,0,1
17666646.0,328.83,509342.0,380639.0,0.0,,1.0,8,0,87,107712.75,1.0,0.5910883344822224,0.44172927531791734,0.0,NonResidential,Retail Store,DOWNTOWN,Other,No_Third_Use,3,4,0,1,1,1
19105426.0,249.09,206950.0,0.0,0.0,,1.0,5,97400,17,41390.0,0.529354916646533,1.0,0.0,0.0,NonResidential,Other,EAST,No_Second_Use,No_Third_Use,1,4,0,1,0,1
4439795.5,130.69,46710.0,0.0,0.0,,1.0,9,0,28,5190.0,1.0,1.0,0.0,0.0,NonResidential,Other,EAST,No_Second_Use,No_Third_Use,1,2,0,1,0,1
14009703.0,201.15,162000.0,104000.0,0.0,65.0,1.0,3,104000,71,88666.66666666667,0.6090225563909775,0.6090225563909775,0.39097744360902253,0.0,NonResidential,Medical Office,EAST,Parking,No_Third_Use,3,4,1,1,1,1
21156670.0,147.49,270384.0,270383.0,0.0,58.0,1.0,14,407795,24,49297.0,0.4091280547352925,0.39177115964750103,0.39176971070392574,0.0,NonResidential,Medical Office,EAST,Parking,No_Third_Use,1,4,1,1,0,0
9707963.0,243.66,109017.0,0.0,0.0,34.0,1.0,5,29409,37,21803.4,0.7302347340323069,1.0,0.0,0.0,NonResidential,Hotel,LAKE UNION,No_Second_Use,No_Third_Use,2,3,1,1,1,0
16373232.0,114.14,228504.0,47404.0,0.0,77.0,1.0,5,38452,35,55146.8,0.8605467588327881,0.8287117294203834,0.17191931354131154,0.0,NonResidential,Large Office,MAGNOLIA / QUEEN ANNE,Parking,No_Third_Use,1,4,1,1,0,0
3153949.5,117.11,40272.0,18818.0,0.0,45.0,1.0,1,0,53,59090.0,1.0,0.6815366390252158,0.3184633609747842,0.0,NonResidential,Distribution Center,GREATER DUWAMISH,Office,No_Third_Use,2,2,1,1,1,0
18471858.0,236.9,125779.0,32821.0,20000.0,19.0,1.0,3,38400,54,52866.666666666664,0.7578814627994955,0.7930580075662043,0.2069419924337957,0.12610340479192939,NonResidential,Large Office,LAKE UNION,Parking,Laboratory,2,4,1,1,1,0
4342597.0,30.27,82098.0,0.0,0.0,81.0,1.0,7,44728,15,19885.714285714286,0.6786781609195403,0.5897844827586207,0.0,0.0,NonResidential,Large Office,LAKE UNION,No_Second_Use,No_Third_Use,0,4,1,1,0,0
3155171.75,21.36,95721.0,31746.0,0.0,95.0,1.0,6,33921,32,15953.5,0.6456263515842918,1.0,0.3316513617701445,0.0,NonResidential,Small- and Mid-Sized Office,MAGNOLIA / QUEEN ANNE,Parking,No_Third_Use,1,3,1,1,0,0
5661689.5,39.47,105563.0,0.0,0.0,83.0,2.0,5,115228,20,42656.6,0.45974128270888914,0.4949433381938551,0.0,0.0,NonResidential,Large Office,MAGNOLIA / QUEEN ANNE,Parking,No_Third_Use,1,4,1,1,0,0
11672252.0,374.92,63199.0,0.0,0.0,7.0,1.0,3,47656,15,34565.666666666664,0.5404302921010251,0.6094583256989112,0.0,0.0,NonResidential,Large Office,LAKE UNION,No_Second_Use,No_Third_Use,0,3,1,1,1,0
5531460.0,35.8,71751.0,0.0,0.0,56.0,1.0,5,0,42,14976.0,1.0,0.958213141025641,0.0,0.0,NonResidential,Small- and Mid-Sized Office,NORTH,Parking,No_Third_Use,2,3,1,1,0,0
6353294.0,42.03,85339.0,0.0,0.0,53.0,1.0,6,0,37,14795.666666666666,1.0,0.9613062383130195,0.0,0.0,NonResidential,Small- and Mid-Sized Office,NORTH,Parking,No_Third_Use,2,3,1,1,0,0
5535626.0,38.59,91281.0,30177.0,5931.0,93.0,1.0,5,0,33,24450.0,1.0,0.7466748466257669,0.24684662576687116,0.04851533742331288,NonResidential,Large Office,NORTH,Adult Education,Bank Branch,1,3,1,1,0,0
4742869.0,33.06,53730.0,0.0,0.0,20.0,1.0,4,0,37,13432.5,1.0,1.0,0.0,0.0,NonResidential,Small- and Mid-Sized Office,NORTH,Parking,No_Third_Use,2,2,1,1,0,0
4414587.0,93.23,55593.0,0.0,0.0,55.0,1.0,3,0,56,18531.0,1.0,1.0,0.0,0.0,NonResidential,Small- and Mid-Sized Office,DELRIDGE,No_Second_Use,No_Third_Use,2,2,1,1,1,0
4899096.0,32.73,72066.0,59137.0,0.0,54.0,1.0,4,60960,34,33514.0,0.54526466551292,0.5375813093035746,0.4411365399534523,0.0,NonResidential,Large Office,LAKE UNION,Parking,No_Third_Use,1,3,1,1,0,0
23293664.0,454.49,158415.0,0.0,0.0,25.0,1.0,1,0,11,158415.0,1.0,1.0,0.0,0.0,NonResidential,Retail Store,GREATER DUWAMISH,No_Second_Use,No_Third_Use,0,4,1,1,1,0
48037000.0,349.07,155985.0,88350.0,15630.0,,1.0,8,0,87,35977.375,1.0,0.5419551871141238,0.30696375152439553,0.0543049624937895,NonResidential,Large Office,LAKE UNION,Data Center,Other,3,4,0,1,1,0
3018140.75,20.86,58195.0,28800.0,0.0,81.0,1.0,4,28800,31,21748.75,0.6689464911776539,0.6689464911776539,0.33105350882234613,0.0,NonResidential,Small- and Mid-Sized Office,MAGNOLIA / QUEEN ANNE,Parking,No_Third_Use,1,3,1,1,0,0
19031574.0,326.18,102653.0,74102.0,0.0,62.0,1.0,1,0,17,164437.0,1.0,0.6242694770641644,0.45064067089523646,0.0,NonResidential,Retail Store,BALLARD,Supermarket/Grocery Store,Parking,1,4,1,1,1,0
5869476.5,40.47,118016.0,66234.0,1595.0,95.0,1.0,5,66234,7,36896.4,0.6409731030669659,0.6397155278021704,0.35902689693303413,0.008645829945468935,NonResidential,Large Office,LAKE UNION,Parking,Other,0,4,1,1,1,0
12072969.0,269.71,54880.0,320.0,0.0,,1.0,3,0,88,18400.0,1.0,0.9942028985507246,0.005797101449275362,0.0,NonResidential,Laboratory,LAKE UNION,Data Center,No_Third_Use,3,2,0,1,1,0
34746128.0,849.83,176171.0,0.0,0.0,,1.0,4,111793,13,60289.75,0.5364344685456484,0.730518039965334,0.0,0.0,NonResidential,Laboratory,LAKE UNION,No_Second_Use,No_Third_Use,0,4,0,1,1,0
3238216.0,22.57,79384.0,52582.0,3027.0,96.0,1.0,6,52582,12,23213.666666666668,0.6224781378785486,0.5699516089659827,0.37752186212145145,0.021732887235967318,NonResidential,Large Office,LAKE UNION,Parking,Financial Office,0,4,1,1,0,0
7960023.0,61.93,168132.0,96918.0,16862.0,96.0,1.0,5,98700,7,54214.2,0.6358887523932845,0.6202507830051905,0.3575373241696825,0.062205104935607276,NonResidential,Large Office,LAKE UNION,Parking,Medical Office,0,4,1,1,1,0
2811924.5,29.53,127800.0,0.0,0.0,56.0,1.0,5,0,102,25560.0,1.0,1.0,0.0,0.0,NonResidential,Warehouse,LAKE UNION,No_Second_Use,No_Third_Use,3,3,1,1,1,0
30401640.0,632.4,372503.0,189133.0,0.0,71.0,1.0,5,206597,14,112103.2,0.6314164091658401,0.6645715733359976,0.33742658550335763,0.0,NonResidential,Large Office,LAKE UNION,Parking,No_Third_Use,0,4,1,1,1,0
11812678.0,94.64,131592.0,83178.0,0.0,49.0,1.0,6,95000,15,37765.333333333336,0.5807442451631125,0.5807442451631125,0.3670826860612908,0.0,NonResidential,Large Office,LAKE UNION,Parking,No_Third_Use,0,4,1,1,1,0
6917478.5,122.68,113803.0,79091.0,15803.0,97.0,1.0,4,73673,10,52454.0,0.6488685324284135,0.5423942883288214,0.37695409311015365,0.07531837419453236,NonResidential,Large Office,LAKE UNION,Parking,Fitness Center/Health Club/Gym,0,4,1,1,1,0
7554767.0,69.59,178628.0,99368.0,6015.0,97.0,1.0,6,109905,10,50517.166666666664,0.6374004876230193,0.5893310194884247,0.3278357522030465,0.01984473924705463,NonResidential,Large Office,LAKE UNION,Parking,Bank Branch,0,4,1,1,1,0
3066491.25,74.1,29732.0,17372.0,13639.0,66.0,1.0,3,0,62,22460.0,1.0,0.4412585336895221,0.2578213119620065,0.20241911546452954,NonResidential,Mixed Use Property,LAKE UNION,Office,Other - Entertainment/Public Assembly,2,3,1,1,1,0
47629656.0,1019.53,175364.0,173235.0,88901.0,,1.0,5,153684,8,87299.4,0.6479151059457453,0.40175304755817337,0.3968755799008928,0.2036692119304371,NonResidential,Mixed Use Property,LAKE UNION,Parking,Office,0,4,0,1,1,0
3558562.5,23.81,64752.0,21396.0,0.0,80.0,1.0,5,20826,42,17612.4,0.7635075287865367,0.7353001294542482,0.2429651836206309,0.0,NonResidential,Small- and Mid-Sized Office,MAGNOLIA / QUEEN ANNE,Parking,No_Third_Use,2,3,1,1,0,0
3838006.75,25.32,66648.0,15167.0,0.0,69.0,1.0,5,20416,44,17435.6,0.7658124756245842,0.7645048062584597,0.17397737961412282,0.0,NonResidential,Small- and Mid-Sized Office,MAGNOLIA / QUEEN ANNE,Parking,No_Third_Use,2,3,1,1,0,0
3705629.0,24.35,66747.0,28285.0,0.0,86.0,1.0,5,20416,46,17435.6,0.7658124756245842,0.7656404138658836,0.3244511229897451,0.0,NonResidential,Small- and Mid-Sized Office,MAGNOLIA / QUEEN ANNE,Parking,No_Third_Use,2,3,1,1,0,0
19718338.0,477.87,108344.0,88405.0,0.0,5.0,1.0,4,88405,28,49187.25,0.5506711597009387,0.5506711597009387,0.4493288402990612,0.0,NonResidential,Medical Office,NORTHEAST,Parking,No_Third_Use,1,4,1,1,1,0
8422861.0,77.99,95995.0,0.0,0.0,21.0,1.0,4,95281,22,47819.0,0.5018664129320981,0.5018664129320981,0.0,0.0,NonResidential,Medical Office,NORTHEAST,No_Second_Use,No_Third_Use,1,4,1,1,1,0
43178016.0,1032.63,215602.0,0.0,0.0,23.0,1.0,7,150455,16,50218.57142857143,0.5719995448468125,0.6133246095639063,0.0,0.0,NonResidential,Hospital,LAKE UNION,No_Second_Use,No_Third_Use,0,4,1,1,1,0
14843382.0,277.98,121087.0,0.0,0.0,78.0,1.0,2,187878,21,154482.5,0.39191170520932794,0.39191170520932794,0.0,0.0,NonResidential,Supermarket / Grocery Store,NORTH,Parking,Parking,1,4,1,1,1,0
6522551.5,45.47,63225.0,0.0,0.0,100.0,1.0,1,0,8,63225.0,1.0,1.0,0.0,0.0,NonResidential,Supermarket / Grocery Store,GREATER DUWAMISH,No_Second_Use,No_Third_Use,0,3,1,1,0,0
11521702.0,80.32,156312.0,116440.0,7500.0,,1.0,3,156312,15,93417.33333333333,0.44224483678974635,0.5577551632102536,0.4154832079699699,0.026761628819776485,NonResidential,Other,LAKE UNION,Office,Retail Store,0,4,0,1,0,0
6876439.5,47.94,72000.0,15000.0,0.0,,1.0,3,12998,64,22154.0,0.8044295988685264,1.0833258102374288,0.22569287713279768,0.0,NonResidential,Other,MAGNOLIA / QUEEN ANNE,Parking,No_Third_Use,2,3,0,1,0,0
8949319.0,110.46,107931.0,0.0,0.0,72.0,1.0,1,0,19,131387.0,1.0,0.8214739662219246,0.0,0.0,NonResidential,Retail Store,NORTHWEST,No_Second_Use,No_Third_Use,1,3,1,1,1,0
10079993.0,226.43,124231.0,0.0,0.0,,6.0,1,0,52,111900.0,1.0,1.1101966041108133,0.0,0.0,NonResidential,Other,NORTHWEST,Parking,No_Third_Use,2,3,0,1,1,0
17225444.0,553.27,57805.0,56312.0,0.0,79.0,1.0,1,0,49,114000.0,1.0,0.5070614035087719,0.4939649122807018,0.0,NonResidential,Retail Store,NORTHWEST,Supermarket/Grocery Store,No_Third_Use,2,3,1,1,1,0
8901074.0,158.92,50065.0,0.0,0.0,78.0,1.0,1,0,19,50083.0,1.0,0.999640596609628,0.0,0.0,NonResidential,Supermarket / Grocery Store,NORTHWEST,Parking,No_Third_Use,1,2,1,1,1,0
4991360.5,34.9,96504.0,0.0,0.0,73.0,1.0,3,28645,28,41357.0,0.7691241305381596,0.7778127040162488,0.0,0.0,NonResidential,Large Office,LAKE UNION,No_Second_Use,No_Third_Use,1,3,1,1,1,0
3897738.0,27.17,90000.0,0.0,0.0,84.0,1.0,4,36528,16,22500.0,0.5941333333333333,1.0,0.0,0.0,NonResidential,Small- and Mid-Sized Office,LAKE UNION,No_Second_Use,No_Third_Use,0,3,1,1,0,0
5413418.0,37.74,62232.0,33709.0,0.0,70.0,1.0,3,33709,15,32013.666666666668,0.6490144833977156,0.6479732614196021,0.35098551660228444,0.0,NonResidential,Small- and Mid-Sized Office,LAKE UNION,Parking,No_Third_Use,0,3,1,1,0,0
11325513.0,94.47,152579.0,93893.0,7500.0,96.0,1.0,3,114829,17,93652.33333333333,0.5912933295842424,0.5430688681897942,0.33418992941980447,0.026694476378947667,NonResidential,Large Office,LAKE UNION,Parking,Data Center,1,4,1,1,1,0
8651835.0,85.01,138995.0,24549.0,0.0,89.0,1.0,4,103032,17,60833.5,0.5765819819671727,0.5712107638061266,0.1008860249697946,0.0,NonResidential,Large Office,LAKE UNION,Parking,No_Third_Use,1,4,1,1,1,0
7683885.0,53.57,243018.0,108408.0,0.0,95.0,1.0,5,121375,34,78059.0,0.6890172817996644,0.6226520964911157,0.27775913091379595,0.0,NonResidential,Large Office,GREATER DUWAMISH,Parking,No_Third_Use,1,4,1,1,0,0
1468317.375,17.17,70000.0,20000.0,0.0,87.0,1.0,2,0,49,45000.0,1.0,0.7777777777777778,0.2222222222222222,0.0,NonResidential,Warehouse,GREATER DUWAMISH,Office,No_Third_Use,2,3,1,1,1,0
1193084.5,32.22,50200.0,0.0,0.0,,1.0,1,0,50,50200.0,1.0,1.0,0.0,0.0,NonResidential,Retail Store,GREATER DUWAMISH,No_Second_Use,No_Third_Use,2,2,0,1,1,0
5055586.0,120.24,53993.0,24744.0,4500.0,,1.0,6,6200,91,15672.166666666666,0.9340657003392426,0.5741920389650442,0.2631416630331905,0.04785554007635617,NonResidential,Small- and Mid-Sized Office,BALLARD,Retail Store,Parking,3,3,0,1,1,0
17628306.0,413.35,182454.0,130744.0,0.0,,1.0,5,182454,8,64573.8,0.43489774490582866,0.5651022550941713,0.4049444201827986,0.0,NonResidential,Other,BALLARD,Retail Store,No_Third_Use,0,4,0,1,1,0
7783714.5,53.25,150840.0,26946.0,2155.0,88.0,1.0,10,38186,14,18169.4,0.7898334562506192,0.8301870177331118,0.1483042918313208,0.011860600790339803,NonResidential,Large Office,DOWNTOWN,Parking,Other,0,4,1,1,0,0
402051.3125,2.8,22780.0,0.0,0.0,33.0,1.0,1,0,50,22780.0,1.0,1.0,0.0,0.0,NonResidential,Warehouse,GREATER DUWAMISH,No_Second_Use,No_Third_Use,2,0,1,1,0,0
6345882.5,237.36,124423.0,0.0,0.0,62.0,1.0,1,0,49,124472.0,1.0,0.9996063371681985,0.0,0.0,NonResidential,Distribution Center,GREATER DUWAMISH,Parking,No_Third_Use,2,3,1,1,1,0
8950688.0,59.21,227556.0,77887.79688,0.0,95.0,1.0,22,98556,46,10343.454545454546,0.5668934240362812,1.0,0.34227968886779514,0.0,NonResidential,Large Office,DOWNTOWN,Parking,No_Third_Use,2,4,1,1,0,0
1751500.375,42.65,49918.0,0.0,0.0,72.0,1.0,1,0,49,50065.0,1.0,0.9970638170378507,0.0,0.0,NonResidential,Distribution Center,GREATER DUWAMISH,Parking,No_Third_Use,2,2,1,1,1,0
2808274.75,76.68,57540.0,0.0,0.0,26.0,1.0,1,0,47,57540.0,1.0,1.0,0.0,0.0,NonResidential,Distribution Center,GREATER DUWAMISH,No_Second_Use,No_Third_Use,2,2,1,1,1,0
1536998.25,10.72,85400.0,0.0,0.0,49.0,1.0,1,0,50,85400.0,1.0,1.0,0.0,0.0,NonResidential,Warehouse,GREATER DUWAMISH,No_Second_Use,No_Third_Use,2,3,1,1,0,0
1760992.25,46.93,52759.0,0.0,0.0,96.0,1.0,1,0,52,53250.0,1.0,0.9907793427230047,0.0,0.0,NonResidential,Small- and Mid-Sized Office,GREATER DUWAMISH,Parking,No_Third_Use,2,2,1,1,1,0
2220030.5,28.63,78672.0,0.0,0.0,98.0,1.0,6,28427,29,13112.0,0.6386643278421802,1.0,0.0,0.0,NonResidential,Small- and Mid-Sized Office,MAGNOLIA / QUEEN ANNE,No_Second_Use,No_Third_Use,1,3,1,1,1,0
3774978.5,38.48,28442.0,28441.0,18961.0,,1.0,2,19928,89,37922.0,0.7372501450345446,0.3750065924792996,0.3749934075207004,0.25,NonResidential,Mixed Use Property,EAST,Office,Parking,3,3,0,1,1,0
10093972.0,204.81,162425.0,0.0,0.0,25.0,1.0,1,0,48,161678.0,1.0,1.0046202946597558,0.0,0.0,NonResidential,Distribution Center,GREATER DUWAMISH,No_Second_Use,No_Third_Use,2,4,1,1,1,0
21341708.0,152.71,101101.0,0.0,0.0,1.0,1.0,1,0,67,101101.0,1.0,1.0,0.0,0.0,NonResidential,Distribution Center,GREATER DUWAMISH,No_Second_Use,No_Third_Use,3,3,1,1,1,0
1231121.75,32.02,59504.0,0.0,0.0,80.0,1.0,1,0,36,52613.0,1.0,1.1309752342576929,0.0,0.0,NonResidential,Distribution Center,GREATER DUWAMISH,No_Second_Use,No_Third_Use,1,2,1,1,1,0
5246590.0,74.31,45340.0,11520.0,0.0,,1.0,1,0,76,56608.0,1.0,0.8009468626342566,0.2035048049745619,0.0,NonResidential,Other,GREATER DUWAMISH,Office,No_Third_Use,3,2,0,1,1,0
17427156.0,142.36,100000.0,4099.0,0.0,,1.0,1,0,63,104099.0,1.0,0.9606240213642783,0.039375978635721766,0.0,NonResidential,Refrigerated Warehouse,GREATER DUWAMISH,Office,Parking,2,3,0,1,1,0
9200102.0,54.92,217977.0,4569.0,0.0,95.0,1.0,6,124800,11,56116.666666666664,0.6293436293436293,0.6473923373923374,0.01356994356994357,0.0,NonResidential,Large Office,LAKE UNION,Parking,Retail Store,0,4,1,1,0,0
10443463.0,190.61,98863.0,0.0,0.0,42.0,1.0,4,159994,20,66002.0,0.39398048543983516,0.37446971303899884,0.0,0.0,NonResidential,Retail Store,LAKE UNION,No_Second_Use,No_Third_Use,1,4,1,1,1,0
5444253.5,38.55,60676.0,13780.0,1324.0,32.0,1.0,2,0,102,31110.0,1.0,0.9751848280295725,0.22147219543555127,0.021279331404693024,NonResidential,Small- and Mid-Sized Office,CENTRAL,Parking,Other - Services,3,3,1,1,1,0
3586460.5,90.24,60732.0,8142.0,0.0,89.0,1.0,1,0,46,65430.0,1.0,0.9281980742778542,0.12443833104080697,0.0,NonResidential,Small- and Mid-Sized Office,GREATER DUWAMISH,Other,No_Third_Use,2,3,1,1,1,0
6114351.5,49.17,83715.0,18575.0,0.0,26.0,1.0,3,42440,10,34096.666666666664,0.5851011829113305,0.8184084465734676,0.1815915534265324,0.0,NonResidential,Large Office,NORTHEAST,Parking,No_Third_Use,0,3,1,1,1,0
12232124.0,85.28,74864.0,0.0,0.0,,1.0,3,0,90,26668.0,1.0,0.935753212339383,0.0,0.0,NonResidential,Other,CENTRAL,No_Second_Use,No_Third_Use,3,3,0,1,0,0
8767252.0,262.45,263528.0,60388.0,0.0,92.0,1.0,2,0,25,161958.0,1.0,0.8135689499746848,0.1864310500253152,0.0,NonResidential,Warehouse,GREATER DUWAMISH,Office,No_Third_Use,1,4,1,1,1,0
21290090.0,247.35,218918.0,156487.0,84051.89844,66.0,1.0,14,0,84,21718.0,1.0,0.7200018417902201,0.5146718324497126,0.2764392223698578,NonResidential,Mixed Use Property,GREATER DUWAMISH,Parking,Medical Office,3,4,1,1,1,0
4910799.5,33.85,50235.0,25525.0,2875.0,,1.0,4,31210,38,21346.25,0.6344791239679101,0.5883351876793348,0.29894009486443757,0.033671019499912164,NonResidential,Small- and Mid-Sized Office,LAKE UNION,Parking,Data Center,2,3,0,1,0,0
2109093.75,42.25,63896.0,33712.0,0.0,94.0,1.0,2,0,27,49012.0,1.0,0.651840365624745,0.34391577572839305,0.0,NonResidential,Distribution Center,GREATER DUWAMISH,Office,No_Third_Use,1,3,1,1,1,0
2758081.75,63.89,20000.0,15000.0,10000.0,,1.0,1,15000,88,65000.0,0.7692307692307693,0.3076923076923077,0.23076923076923078,0.15384615384615385,NonResidential,Mixed Use Property,LAKE UNION,Parking,Other,3,3,0,1,1,0
5318277.0,35.8,78521.0,66650.0,0.0,62.0,1.0,5,66620,26,28914.6,0.5391947320730703,0.5431235431235432,0.4610127755528349,0.0,NonResidential,Large Office,LAKE UNION,Parking,No_Third_Use,1,4,1,1,0,0
7783388.0,129.29,302812.0,0.0,0.0,97.0,1.0,2,0,66,151406.0,1.0,1.0,0.0,0.0,NonResidential,Retail Store,NORTH,No_Second_Use,No_Third_Use,2,4,1,1,1,0
9266020.0,293.55,78200.0,0.0,0.0,53.0,1.0,5,0,42,17280.0,1.0,0.9050925925925926,0.0,0.0,NonResidential,Small- and Mid-Sized Office,NORTHWEST,No_Second_Use,No_Third_Use,2,3,1,1,1,0
6636482.5,44.35,86483.0,0.0,0.0,56.0,1.0,6,0,35,14413.833333333334,1.0,1.0,0.0,0.0,NonResidential,Small- and Mid-Sized Office,NORTHWEST,Parking,No_Third_Use,1,3,1,1,0,0
1196293.25,22.1,34400.0,17200.0,0.0,75.0,1.0,1,0,40,51600.0,1.0,0.6666666666666666,0.3333333333333333,0.0,NonResidential,Distribution Center,DELRIDGE,Office,No_Third_Use,2,2,1,1,1,0
2502923.5,57.73,140520.0,0.0,0.0,61.0,1.0,1,0,48,140520.0,1.0,1.0,0.0,0.0,NonResidential,Warehouse,DELRIDGE,No_Second_Use,No_Third_Use,2,4,1,1,1,0
4636396.5,58.88,91645.0,66288.0,0.0,95.0,1.0,5,62380,30,30805.8,0.5950113290354414,0.5949853598997591,0.43036051652610874,0.0,NonResidential,Large Office,MAGNOLIA / QUEEN ANNE,Parking,No_Third_Use,1,4,1,1,1,0
7063953.5,49.28,91935.0,69854.0,0.0,,1.0,3,91935,11,53929.666666666664,0.4317598847882118,0.5682401152117882,0.4317598847882118,0.0,NonResidential,Other,NORTHWEST,Medical Office,No_Third_Use,0,4,0,1,1,0
4765753.5,33.22,60670.0,3239.0,0.0,,1.0,3,0,11,21303.0,1.0,0.9493185623308141,0.050681437669185876,0.0,NonResidential,Medical Office,NORTHWEST,Retail Store,No_Third_Use,0,3,0,1,0,0
1065308.875,34.0,46846.0,10033.0,0.0,,1.0,2,0,68,26736.0,1.0,0.8760846798324357,0.18763090963494913,0.0,NonResidential,Warehouse,NORTHWEST,Office,No_Third_Use,3,2,0,1,1,0
2149815.75,58.67,50417.0,0.0,0.0,14.0,1.0,1,0,36,50417.0,1.0,1.0,0.0,0.0,NonResidential,Warehouse,GREATER DUWAMISH,No_Second_Use,No_Third_Use,1,2,1,1,1,0
16041286.0,295.48,133298.0,0.0,0.0,21.0,1.0,3,0,55,44432.666666666664,1.0,1.0,0.0,0.0,NonResidential,Medical Office,NORTHWEST,No_Second_Use,No_Third_Use,2,3,1,1,1,0
6718441.0,91.1,173106.0,0.0,0.0,78.0,1.0,2,0,51,84309.5,1.0,1.0266102870969465,0.0,0.0,NonResidential,Retail Store,NORTH,No_Second_Use,No_Third_Use,2,4,1,1,1,0
6486377.5,45.22,103970.0,71390.0,0.0,91.0,1.0,4,71385,16,43971.25,0.5941382153111407,0.5911248827358786,0.40589021235466355,0.0,NonResidential,Large Office,LAKE UNION,Parking,No_Third_Use,0,4,1,1,0,0
1901429.125,49.9,51427.0,0.0,0.0,,1.0,1,41600,16,53040.0,0.21568627450980393,0.9695889894419306,0.0,0.0,NonResidential,Other,GREATER DUWAMISH,No_Second_Use,No_Third_Use,0,2,0,1,1,0
2145554.75,22.12,53620.0,0.0,0.0,86.0,1.0,1,0,68,53620.0,1.0,1.0,0.0,0.0,NonResidential,Small- and Mid-Sized Office,GREATER DUWAMISH,No_Second_Use,No_Third_Use,3,2,1,1,1,0
3380481.5,65.3,50008.0,0.0,0.0,62.0,1.0,1,0,78,50008.0,1.0,1.0,0.0,0.0,NonResidential,Small- and Mid-Sized Office,GREATER DUWAMISH,No_Second_Use,No_Third_Use,3,2,1,1,1,0
6657348.5,49.74,194674.0,111198.0,0.0,98.0,1.0,4,100176,7,72794.0,0.65596065609803,0.6685784542682089,0.38189273841250654,0.0,NonResidential,Large Office,MAGNOLIA / QUEEN ANNE,Parking,No_Third_Use,0,4,1,1,1,0
2551022.25,107.16,43920.0,6912.0,0.0,63.0,1.0,1,0,59,50832.0,1.0,0.8640226628895185,0.1359773371104816,0.0,NonResidential,Warehouse,GREATER DUWAMISH,Office,No_Third_Use,2,2,1,1,1,0
2792753.5,20.29,76486.0,0.0,0.0,70.0,1.0,1,0,45,76354.0,1.0,1.0017287895853524,0.0,0.0,NonResidential,Refrigerated Warehouse,GREATER DUWAMISH,No_Second_Use,No_Third_Use,2,3,1,1,1,0
2898646.0,39.5,98480.0,0.0,0.0,65.0,1.0,1,0,60,98480.0,1.0,1.0,0.0,0.0,NonResidential,Warehouse,GREATER DUWAMISH,No_Second_Use,No_Third_Use,2,3,1,1,1,0
3591767.75,64.0,31602.0,27427.0,18130.0,75.0,1.0,2,0,112,26501.0,1.0,0.5962416512584431,0.5174710388287235,0.3420625636768424,NonResidential,Mixed Use Property,LAKE UNION,Parking,Multifamily Housing,3,2,1,1,1,0
19419744.0,406.02,106003.0,63782.0,0.0,,1.0,3,63782,96,56595.0,0.624336661071355,0.624336661071355,0.37566333892864506,0.0,NonResidential,Other,LAKE UNION,Parking,No_Third_Use,3,4,0,1,1,0
14339818.0,365.79,107594.0,15600.0,12000.0,58.0,1.0,11,0,45,11338.272727272728,1.0,0.8626774961714547,0.1250791767224445,0.0962147513249573,NonResidential,Large Office,LAKE UNION,Restaurant,Parking,2,3,1,1,1,0
5662234.0,39.47,93905.0,31348.0,0.0,70.0,1.0,7,0,46,13428.857142857143,1.0,0.9989681070615519,0.33348226633475886,0.0,NonResidential,Small- and Mid-Sized Office,LAKE UNION,Parking,No_Third_Use,2,3,1,1,0,0
845892.1875,25.74,20310.0,2689.600098,0.0,,1.0,1,0,70,23000.0,1.0,0.8830434782608696,0.11693913469565217,0.0,NonResidential,Other,DOWNTOWN,Office,No_Third_Use,3,0,0,1,1,0
2830674.75,19.73,78564.0,0.0,0.0,88.0,1.0,5,0,112,15784.0,1.0,0.9954891028890015,0.0,0.0,NonResidential,Small- and Mid-Sized Office,DOWNTOWN,No_Second_Use,No_Third_Use,3,3,1,1,0,0
6669621.5,134.69,65088.0,23857.0,0.0,64.0,1.0,7,0,110,14205.714285714286,1.0,0.6545454545454545,0.23991351568785196,0.0,NonResidential,Small- and Mid-Sized Office,DOWNTOWN,Retail Store,No_Third_Use,3,3,1,1,1,0
3020795.0,19.89,63871.0,0.0,0.0,82.0,1.0,6,0,109,12210.0,1.0,0.8718400218400219,0.0,0.0,NonResidential,Small- and Mid-Sized Office,DOWNTOWN,No_Second_Use,No_Third_Use,3,3,1,1,0,0
2380143.75,76.8,34647.0,26039.0,0.0,87.0,1.0,4,0,116,17454.25,1.0,0.49625449389117265,0.3729607402208631,0.0,NonResidential,Small- and Mid-Sized Office,DOWNTOWN,Retail Store,No_Third_Use,3,3,1,1,1,1
2165173.25,26.04,41609.0,28734.0,0.0,,1.0,4,0,116,21187.5,1.0,0.49096165191740415,0.3390442477876106,0.0,NonResidential,Small- and Mid-Sized Office,DOWNTOWN,Enclosed Mall,No_Third_Use,3,3,0,1,1,0
3740114.25,24.89,45799.0,9739.0,4689.0,,1.0,6,13320,116,12582.666666666666,0.8235668114867013,0.6066414114655081,0.12900021193175798,0.06210925082123556,NonResidential,Small- and Mid-Sized Office,DOWNTOWN,Retail Store,Restaurant,3,3,0,1,0,0
7778893.0,130.31,123607.0,20795.0,0.0,79.0,1.0,4,0,116,41095.0,1.0,0.7519588757756418,0.1265056576225818,0.0,NonResidential,Large Office,DOWNTOWN,Retail Store,No_Third_Use,3,4,1,1,1,1
4501784.0,99.59,160580.0,0.0,0.0,98.0,1.0,7,0,109,22940.0,1.0,1.0,0.0,0.0,NonResidential,Large Office,DOWNTOWN,No_Second_Use,No_Third_Use,3,4,1,1,1,1
2031594.375,13.28,33647.0,19705.0,11988.0,,1.0,3,0,110,22585.0,1.0,0.49659803704523653,0.29082724522175485,0.17693159176444542,Nonresidential COS,Other,DOWNTOWN,Office,Other - Entertainment/Public Assembly,3,3,0,1,0,0
2462293.5,31.58,26250.0,18050.0,12400.0,37.0,1.0,3,0,106,18900.0,1.0,0.46296296296296297,0.318342151675485,0.21869488536155202,NonResidential,Mixed Use Property,GREATER DUWAMISH,Distribution Center,Non-Refrigerated Warehouse,3,2,1,1,1,0
2472120.0,65.56,58472.0,23282.0,0.0,83.0,1.0,1,0,94,82852.0,1.0,0.7057403562979772,0.2810070969922271,0.0,NonResidential,Warehouse,GREATER DUWAMISH,Retail Store,No_Third_Use,3,3,1,1,1,0
4608482.0,132.6,50500.0,18000.0,7604.0,,1.0,2,0,63,38221.0,1.0,0.6606315899636326,0.2354726459276314,0.09947411109076162,NonResidential,Other,GREATER DUWAMISH,Distribution Center,Office,2,3,0,1,1,0
3471977.25,74.18,85343.0,13435.0,0.0,56.0,1.0,2,0,54,46396.0,1.0,0.9197236830761273,0.1447861884645228,0.0,NonResidential,Distribution Center,GREATER DUWAMISH,Office,No_Third_Use,2,3,1,1,1,0
2244317.0,15.65,142901.0,0.0,0.0,,2.0,2,0,75,62759.5,1.0,1.1384810267768226,0.0,0.0,NonResidential,Other,GREATER DUWAMISH,No_Second_Use,No_Third_Use,3,3,0,1,0,0
4374646.0,30.5,104869.0,0.0,0.0,80.0,1.0,4,25800,116,32250.0,0.8,0.812937984496124,0.0,0.0,NonResidential,Large Office,GREATER DUWAMISH,No_Second_Use,No_Third_Use,3,3,1,1,0,0
1916863.375,41.18,39870.0,11600.0,7000.0,,1.0,4,0,112,14742.5,1.0,0.6761064948278785,0.19671019162285908,0.11870442597931151,NonResidential,Small- and Mid-Sized Office,GREATER DUWAMISH,Non-Refrigerated Warehouse,Multifamily Housing,3,2,0,1,1,0
2688675.75,18.74,51040.0,10500.0,6000.0,15.0,1.0,6,10800,106,12600.0,0.8571428571428571,0.6751322751322751,0.1388888888888889,0.07936507936507936,NonResidential,Distribution Center,GREATER DUWAMISH,Office,Parking,3,3,1,1,0,0
1056782.125,7.37,39884.0,9270.0,4116.0,,1.0,4,0,109,14067.5,1.0,0.7087968722232095,0.16474142527101476,0.07314732539541496,NonResidential,Distribution Center,GREATER DUWAMISH,Non-Refrigerated Warehouse,Office,3,2,0,1,0,0
5550151.0,138.35,43122.0,10514.0,0.0,31.0,1.0,4,0,112,16710.5,1.0,0.6451332994225187,0.1572963107028515,0.0,NonResidential,Small- and Mid-Sized Office,DOWNTOWN,Retail Store,No_Third_Use,3,3,1,1,1,0
2972492.75,20.18,65508.0,10918.0,0.0,81.0,1.0,6,10800,107,12548.0,0.8565508447561364,0.870098820529168,0.14501647008819465,0.0,NonResidential,Small- and Mid-Sized Office,DOWNTOWN,Parking,No_Third_Use,3,3,1,1,1,0
9722890.0,67.78,183916.0,406.0,0.0,81.0,1.0,7,0,112,26331.714285714286,1.0,0.9977973329282451,0.002202667071754864,0.0,NonResidential,Large Office,DOWNTOWN,Data Center,No_Third_Use,3,4,1,1,0,0
25567108.0,182.14,273812.0,12102.0,0.0,43.0,1.0,7,0,7,41121.857142857145,1.0,0.9512216304850045,0.042042292420089424,0.0,NonResidential,Large Office,DOWNTOWN,Retail Store,No_Third_Use,0,4,1,1,1,0
6114759.5,180.76,63000.0,0.0,0.0,53.0,1.0,2,0,102,32256.0,1.0,0.9765625,0.0,0.0,NonResidential,Small- and Mid-Sized Office,GREATER DUWAMISH,No_Second_Use,No_Third_Use,3,3,1,1,1,0
4347677.0,98.43,144050.0,0.0,0.0,26.0,1.0,7,0,90,20578.571428571428,1.0,1.0,0.0,0.0,NonResidential,Warehouse,GREATER DUWAMISH,No_Second_Use,No_Third_Use,3,4,1,1,1,0
5107519.5,47.25,60384.0,0.0,0.0,16.0,1.0,3,0,86,20197.333333333332,1.0,0.9965672035912332,0.0,0.0,NonResidential,Small- and Mid-Sized Office,GREATER DUWAMISH,No_Second_Use,No_Third_Use,3,2,1,1,1,0
7589347.5,100.42,107704.0,0.0,0.0,57.0,1.0,1,0,23,107930.0,1.0,0.9979060502177337,0.0,0.0,NonResidential,Retail Store,GREATER DUWAMISH,No_Second_Use,No_Third_Use,1,3,1,1,1,0
1838287.25,49.25,99084.0,0.0,0.0,83.0,1.0,1,0,90,99084.0,1.0,1.0,0.0,0.0,NonResidential,Warehouse,GREATER DUWAMISH,No_Second_Use,No_Third_Use,3,3,1,1,1,0
2774363.5,42.74,72719.0,0.0,0.0,28.0,1.0,1,0,63,72719.0,1.0,1.0,0.0,0.0,NonResidential,Distribution Center,Delridge,No_Second_Use,No_Third_Use,2,3,1,1,1,0
8570571.0,59.75,53281.0,34701.0,3724.0,2.0,1.0,6,36583,15,15284.333333333334,0.6010838985453515,0.580997971779382,0.37839399821167646,0.040608030008941615,NonResidential,Small- and Mid-Sized Office,NORTHEAST,Parking,Other,0,3,1,1,0,0
19892050.0,477.85,89131.0,37652.0,5615.0,6.0,1.0,5,39902,8,25818.6,0.6909050064682051,0.690440225263957,0.2916656983724911,0.043495774364218046,NonResidential,Medical Office,LAKE UNION,Parking,Other,0,3,1,1,1,0
8381834.5,58.43,119083.0,16221.0,0.0,41.0,1.0,5,16221,25,27621.2,0.8825467394609937,0.8622579757577513,0.11745326053900627,0.0,NonResidential,Large Office,DELRIDGE,Parking,No_Third_Use,1,4,1,1,0,0
2540840.5,67.29,56576.0,0.0,0.0,66.0,1.0,1,0,43,56572.0,1.0,1.0000707063565015,0.0,0.0,NonResidential,Retail Store,GREATER DUWAMISH,No_Second_Use,No_Third_Use,2,2,1,1,1,0
25747022.0,185.39,303312.0,4738.0,4462.0,,1.0,11,0,16,28410.18181818182,1.0,0.9705611304525906,0.01516101781691583,0.014277851730493549,NonResidential,Large Office,DOWNTOWN,Data Center,Restaurant,0,4,0,1,1,0
56785916.0,481.06,914832.0,348788.0,303910.0,97.0,1.0,42,0,11,37926.52380952381,1.0,0.5743134908727024,0.2189622289715578,0.19078870547939186,NonResidential,Large Office,DOWNTOWN,Parking,Financial Office,0,4,1,1,1,1
2478025.25,17.28,51881.0,11999.0,9713.0,,1.0,6,0,90,16286.666666666666,1.0,0.5309148587801883,0.12278960294719607,0.09939623413835448,NonResidential,Small- and Mid-Sized Office,DOWNTOWN,Data Center,Retail Store,3,3,0,1,0,0
17254810.0,190.1,197408.0,0.0,0.0,46.0,1.0,10,206580,31,42250.3,0.5110567262244292,0.4672345521806946,0.0,0.0,NonResidential,Medical Office,EAST,No_Second_Use,No_Third_Use,1,4,1,1,0,1
5739540.0,40.38,113739.0,0.0,0.0,68.0,1.0,7,0,29,13500.0,1.0,1.2035873015873015,0.0,0.0,NonResidential,Medical Office,CENTRAL,No_Second_Use,No_Third_Use,1,3,1,1,0,0
14802479.0,130.32,201365.0,86270.0,0.0,58.0,1.0,9,101342,8,33655.77777777778,0.6654297429531664,0.6647859703798589,0.28481158922687866,0.0,NonResidential,Medical Office,EAST,Parking,No_Third_Use,0,4,1,1,1,0
15490998.0,357.39,170727.0,69171.0,0.0,50.0,1.0,19,156407,43,16837.42105263158,0.5110921475035244,0.5336703020527584,0.21621951105151122,0.0,NonResidential,Medical Office,EAST,Parking,No_Third_Use,2,4,1,1,0,1
8455976.0,282.46,114919.0,28643.0,0.0,94.0,1.0,6,0,116,34253.5,1.0,0.5591594046350494,0.1393677531736416,0.0,NonResidential,Large Office,DOWNTOWN,Retail Store,No_Third_Use,3,4,1,1,1,1
3065954.5,21.37,46000.0,10500.0,0.0,55.0,1.0,6,0,116,9450.0,1.0,0.8112874779541446,0.18518518518518517,0.0,NonResidential,Small- and Mid-Sized Office,DOWNTOWN,Retail Store,No_Third_Use,3,2,1,1,0,0
2739121.5,23.48,72000.0,0.0,0.0,89.0,1.0,4,0,91,18000.0,1.0,1.0,0.0,0.0,NonResidential,Small- and Mid-Sized Office,GREATER DUWAMISH,No_Second_Use,No_Third_Use,3,3,1,1,1,0
5101504.5,35.56,103000.0,80000.0,0.0,93.0,1.0,4,94892,16,47786.5,0.50356272168918,0.53885511598464,0.41852824542496314,0.0,NonResidential,Large Office,MAGNOLIA / QUEEN ANNE,Parking,No_Third_Use,0,4,1,1,0,0
9596839.0,310.19,50000.0,11527.0,0.0,,1.0,3,11527,15,22921.0,0.8323662434739613,0.7271352326105609,0.1676337565260387,0.0,NonResidential,Other,DELRIDGE,Parking,Swimming Pool,0,3,0,1,1,0
21406232.0,530.62,107427.0,0.0,0.0,,3.0,1,0,22,102133.0,1.0,1.0518343728275876,0.0,0.0,NonResidential,Other,SOUTHEAST,Parking,No_Third_Use,1,3,0,1,1,0
15725581.0,116.95,232443.0,97874.0,3534.0,86.0,1.0,14,0,8,25860.428571428572,1.0,0.64202615137303,0.27033581368113446,0.009761190566944532,NonResidential,Large Office,DOWNTOWN,Parking,Other,0,4,1,1,1,0
13360349.0,270.17,81385.0,0.0,0.0,,3.0,2,0,22,40668.0,1.0,1.0006024392642865,0.0,0.0,NonResidential,Other,MAGNOLIA / QUEEN ANNE,No_Second_Use,No_Third_Use,1,3,0,1,1,0
16339807.0,111.69,366554.0,122821.0,0.0,90.0,1.0,23,0,15,23431.869565217392,1.0,0.6801476250294564,0.22789660310279755,0.0,NonResidential,Large Office,DOWNTOWN,Parking,No_Third_Use,0,4,1,1,0,0
5233553.5,36.49,197040.0,78852.0,0.0,,1.0,6,197130,33,45997.0,0.2857142857142857,0.7139596060612649,0.2857142857142857,0.0,NonResidential,Other,DOWNTOWN,Office,No_Third_Use,1,4,0,1,0,0
4395027.0,30.61,98668.0,0.0,0.0,91.0,1.0,5,0,34,19733.6,1.0,1.0,0.0,0.0,NonResidential,Small- and Mid-Sized Office,MAGNOLIA / QUEEN ANNE,No_Second_Use,No_Third_Use,1,3,1,1,0,0
9336260.0,98.54,80157.0,34302.0,26937.0,12.0,1.0,1,28381,9,158931.0,0.821425650124897,0.5043509447496083,0.21582951091983313,0.1694886460161957,NonResidential,Large Office,GREATER DUWAMISH,Multifamily Housing,Parking,0,4,1,1,1,0
22571400.0,357.86,105100.0,0.0,0.0,1.0,1.0,1,0,38,105100.0,1.0,1.0,0.0,0.0,NonResidential,Large Office,MAGNOLIA / QUEEN ANNE,No_Second_Use,No_Third_Use,2,3,1,1,1,0
2956254.5,60.7,50660.0,0.0,0.0,51.0,1.0,1,0,38,50660.0,1.0,1.0,0.0,0.0,NonResidential,Retail Store,MAGNOLIA / QUEEN ANNE,No_Second_Use,No_Third_Use,2,2,1,1,1,0
2421613.25,55.73,39879.0,0.0,0.0,59.0,1.0,2,0,79,30964.5,1.0,0.6439471007121058,0.0,0.0,NonResidential,Small- and Mid-Sized Office,MAGNOLIA / QUEEN ANNE,No_Second_Use,No_Third_Use,3,3,1,1,1,0
830100.0,5.59,20565.0,0.0,0.0,65.0,1.0,3,0,91,6855.0,1.0,1.0,0.0,0.0,NonResidential,Small- and Mid-Sized Office,DOWNTOWN,No_Second_Use,No_Third_Use,3,0,1,1,0,0
7857972.5,54.78,106449.0,50258.0,0.0,63.0,1.0,5,55971,16,31987.4,0.6500434546102528,0.6655683175250254,0.3142362305157656,0.0,NonResidential,Large Office,MAGNOLIA / QUEEN ANNE,Parking,No_Third_Use,0,4,1,1,0,0
14856199.0,103.57,133451.0,46763.0,3750.0,56.0,1.0,5,46763,8,36792.8,0.7458035267769781,0.7254191037376878,0.2541964732230219,0.020384423039290295,NonResidential,Large Office,MAGNOLIA / QUEEN ANNE,Parking,Data Center,0,4,1,1,0,0
5799664.5,116.74,109978.0,78848.0,0.0,95.0,1.0,5,78848,30,41642.0,0.6213054128043802,0.5282070986023726,0.3786945871956198,0.0,NonResidential,Large Office,MAGNOLIA / QUEEN ANNE,Parking,No_Third_Use,1,4,1,1,1,0
12729858.0,88.74,178625.0,87624.0,14653.0,63.0,1.0,7,80283,30,39640.857142857145,0.7106772954311209,0.6437261699689354,0.31577809330921197,0.05280626770359586,NonResidential,Large Office,DOWNTOWN,Parking,Other,1,4,1,1,0,0
10445641.0,70.09,171783.0,9581.0,4413.0,77.0,1.0,3,0,23,62376.666666666664,1.0,0.9179874953241063,0.05119970074279912,0.02358253620477743,NonResidential,Large Office,DOWNTOWN,Non-Refrigerated Warehouse,Other - Recreation,1,4,1,1,0,0
17186624.0,119.81,126218.0,12717.0,0.0,99.0,1.0,5,117867,16,50208.8,0.530492662640812,0.502772422364207,0.05065645862876627,0.0,NonResidential,Large Office,DOWNTOWN,Data Center,No_Third_Use,0,4,1,1,0,0
4682152.5,50.17,64055.0,14621.0,12359.0,,1.0,6,14690,98,18040.833333333332,0.8642893436186428,0.5917594346159176,0.13507321354335072,0.11417617441914177,NonResidential,Large Office,DOWNTOWN,Adult Education,Parking,3,3,0,1,0,1
7046428.5,47.39,110370.0,19801.0,634.0,70.0,1.0,6,0,111,27976.666666666668,1.0,0.6575122125580841,0.11796139640176337,0.003776956987966162,NonResidential,Large Office,DOWNTOWN,Retail Store,Data Center,3,4,1,1,0,0
5268183.0,97.82,80400.0,16080.0,0.0,86.0,1.0,6,0,106,18760.0,1.0,0.7142857142857143,0.14285714285714285,0.0,NonResidential,Large Office,DOWNTOWN,Retail Store,No_Third_Use,3,3,1,1,1,0
3350477.0,69.02,67670.0,13534.0,0.0,89.0,1.0,6,0,106,14367.333333333334,1.0,0.7849983759454318,0.15699967518908636,0.0,NonResidential,Retail Store,DOWNTOWN,Retail Store,No_Third_Use,3,3,1,1,1,0
8615958.0,119.46,101633.0,48544.0,10270.0,51.0,1.0,2,0,31,72579.0,1.0,0.7001543146089089,0.3344218024497444,0.0707504925667204,Nonresidential COS,Warehouse,GREATER DUWAMISH,Office,Other,1,4,1,1,1,0
10622784.0,157.48,110746.0,57500.0,0.0,66.0,1.0,2,0,65,56448.0,1.0,0.9809559240362812,0.5093183106575964,0.0,NonResidential,Large Office,GREATER DUWAMISH,Parking,No_Third_Use,2,3,1,1,1,0
2869350.25,95.86,119593.0,30288.0,0.0,97.0,1.0,4,0,65,37470.25,1.0,0.7979196829484725,0.20208031705152754,0.0,NonResidential,Warehouse,GREATER DUWAMISH,Office,No_Third_Use,2,4,1,1,1,0
6562048.5,75.29,129420.0,0.0,0.0,12.0,1.0,3,0,65,32740.0,1.0,1.3176542455711668,0.0,0.0,NonResidential,Warehouse,GREATER DUWAMISH,No_Second_Use,No_Third_Use,2,3,1,1,1,0
2882685.0,19.86,44300.0,24838.0,12349.0,55.0,1.0,1,0,46,84420.0,1.0,0.5247571665482114,0.29421937929400616,0.1462805022506515,NonResidential,Distribution Center,GREATER DUWAMISH,Office,Retail Store,2,3,1,1,0,0
5459973.5,155.74,73335.0,0.0,0.0,,1.0,1,0,55,73335.0,1.0,1.0,0.0,0.0,NonResidential,Distribution Center,GREATER DUWAMISH,Parking,No_Third_Use,2,3,0,1,1,0
2015776.625,48.5,48400.0,4276.0,4200.0,,1.0,2,0,88,28438.0,1.0,0.850974048807933,0.07518109571699838,0.07384485547506857,NonResidential,Distribution Center,GREATER DUWAMISH,Office,Retail Store,3,2,0,1,1,0
5285776.5,178.62,61200.0,0.0,0.0,16.0,1.0,2,0,85,30600.0,1.0,1.0,0.0,0.0,NonResidential,Warehouse,GREATER DUWAMISH,No_Second_Use,No_Third_Use,3,2,1,1,1,0
1667059.125,34.14,109090.0,0.0,0.0,87.0,1.0,1,0,29,111908.0,1.0,0.9748186009936733,0.0,0.0,NonResidential,Distribution Center,GREATER DUWAMISH,No_Second_Use,No_Third_Use,1,3,1,1,1,0
7448018.0,168.5,65700.0,0.0,0.0,,3.0,2,0,30,31822.0,1.0,1.0323046948651875,0.0,0.0,NonResidential,Other,GREATER DUWAMISH,Parking,No_Third_Use,1,3,0,1,1,0
3714717.25,25.37,58605.0,24338.0,18864.0,,3.0,2,18860,86,54376.5,0.8265794966575635,0.5388816860224546,0.2237915275900435,0.17345728393699483,NonResidential,Mixed Use Property,GREATER DUWAMISH,Multifamily Housing,Retail Store,3,3,0,1,0,0
17384564.0,293.56,168735.0,0.0,0.0,91.0,1.0,1,35545,46,141890.0,0.7494890408062583,1.189195855944746,0.0,0.0,NonResidential,Supermarket / Grocery Store,NORTHWEST,Parking,Parking,2,4,1,1,1,0
4817062.0,33.58,70074.0,0.0,0.0,5.0,1.0,4,21055,15,23023.0,0.7713699344134127,0.7609130000434349,0.0,0.0,NonResidential,Small- and Mid-Sized Office,BALLARD,No_Second_Use,No_Third_Use,0,3,1,1,0,0
25736450.0,710.7,119570.0,23869.0,0.0,,1.0,6,0,10,23906.5,1.0,0.8335947685078674,0.16640523149213254,0.0,NonResidential,Other,NORTHEAST,Parking,No_Third_Use,0,4,0,1,1,0
8873485.0,61.86,105206.0,31992.0,6374.0,73.0,1.0,4,88855,8,50655.75,0.5614762391238902,0.5192204241374375,0.15788928206570824,0.03145743573039586,NonResidential,Large Office,LAKE UNION,Parking,Fitness Center/Health Club/Gym,0,4,1,1,0,0
5481549.0,38.21,77174.0,0.0,0.0,33.0,1.0,2,25800,16,38587.0,0.6656905175318112,1.0,0.0,0.0,NonResidential,Small- and Mid-Sized Office,LAKE UNION,No_Second_Use,No_Third_Use,0,3,1,1,0,0
6859198.0,47.82,98781.0,8634.0,0.0,57.0,1.0,5,0,18,22104.8,1.0,0.8937515833665086,0.07811877963157324,0.0,NonResidential,Large Office,MAGNOLIA / QUEEN ANNE,Other,Parking,1,3,1,1,0,0
21299472.0,314.43,97500.0,88051.0,54106.0,,1.0,5,103650,8,57444.8,0.6391318274238922,0.3394563128429379,0.30655864412444644,0.18837562320697435,NonResidential,Mixed Use Property,LAKE UNION,Office,Other,0,4,0,1,1,0
8732968.0,68.06,163082.0,83425.0,0.0,88.0,1.0,7,84689,16,34553.57142857143,0.6498645994832042,0.674240826873385,0.3449095607235142,0.0,NonResidential,Large Office,MAGNOLIA / QUEEN ANNE,Parking,No_Third_Use,0,4,1,1,1,0
5034942.5,65.03,89075.0,15164.0,0.0,85.0,1.0,5,18720,42,20586.0,0.8181288254153308,0.8653939570581949,0.14732342368600018,0.0,NonResidential,Large Office,MAGNOLIA / QUEEN ANNE,Parking,No_Third_Use,2,3,1,1,1,0
12289373.0,260.13,90345.0,33380.0,15845.0,,1.0,3,0,114,25631.0,1.0,1.1749444032616754,0.43410973690713067,0.20606557163851066,NonResidential,Small- and Mid-Sized Office,DOWNTOWN,Parking,Retail Store,3,3,0,1,1,0
9836703.0,119.93,126648.0,23913.0,0.0,65.0,1.0,8,23630,41,18750.0,0.8424666666666667,0.84432,0.15942,0.0,NonResidential,Large Office,DOWNTOWN,Parking,No_Third_Use,2,4,1,1,1,0
16572684.0,147.82,274362.0,0.0,0.0,82.0,1.0,7,0,63,39194.57142857143,1.0,1.0,0.0,0.0,NonResidential,Large Office,DOWNTOWN,No_Second_Use,No_Third_Use,2,4,1,1,1,0
18235512.0,246.83,270237.0,71602.0,0.0,85.0,1.0,15,116280,33,25200.133333333335,0.6923825799863493,0.7149089158258422,0.18942227818900428,0.0,NonResidential,Large Office,DOWNTOWN,Parking,No_Third_Use,1,4,1,1,1,0
12019477.0,346.62,156414.0,10337.0,8208.0,83.0,1.0,11,0,53,15365.454545454546,1.0,0.925417110401136,0.06115844278783576,0.04856230031948882,NonResidential,Large Office,DOWNTOWN,Bar/Nightclub,"Personal Services (Health/Beauty, Dry Cleaning, etc)",2,4,1,1,1,1
92537256.0,882.56,1680937.0,319368.0,0.0,86.0,1.0,76,319400,31,25687.105263157893,0.8363913903146162,0.8610387148989356,0.16359221809017427,0.0,NonResidential,Large Office,DOWNTOWN,Parking,No_Third_Use,1,4,1,1,1,0
16228155.0,110.7,312442.0,84800.0,18799.0,90.0,1.0,19,89778,35,20185.0,0.7659074612466266,0.814679999478508,0.22111260315763398,0.0490176394665137,NonResidential,Large Office,DOWNTOWN,Parking,Medical Office,1,4,1,1,0,0
23128454.0,582.28,281598.0,27597.0,21519.0,68.0,1.0,18,28870,91,20218.555555555555,0.920672429616359,0.7737611764770536,0.07582968340413372,0.05912885303379184,NonResidential,Medical Office,DOWNTOWN,Parking,Retail Store,3,4,1,1,1,1
8303666.5,109.85,78920.0,0.0,0.0,80.0,1.0,4,0,87,19730.0,1.0,1.0,0.0,0.0,NonResidential,Retail Store,DOWNTOWN,No_Second_Use,No_Third_Use,3,3,1,1,1,0
3904791.25,150.88,17120.0,15300.0,13400.0,,1.0,4,0,108,13880.0,1.0,0.30835734870317005,0.27557636887608067,0.2413544668587896,NonResidential,Mixed Use Property,EAST,Performing Arts,Self-Storage Facility,3,2,0,1,1,0
4040138.75,133.8,138257.0,0.0,0.0,97.0,1.0,10,0,108,13299.8,1.0,1.039541947999218,0.0,0.0,NonResidential,Large Office,DOWNTOWN,Retail Store,No_Third_Use,3,3,1,1,0,1
2533838.5,27.82,45000.0,0.0,0.0,59.0,1.0,3,0,76,27706.0,1.0,0.5413989749512741,0.0,0.0,NonResidential,Retail Store,DOWNTOWN,No_Second_Use,No_Third_Use,3,3,1,1,1,0
7802205.5,54.4,73563.0,0.0,0.0,39.0,1.0,3,0,92,25851.666666666668,1.0,0.9485268519115466,0.0,0.0,NonResidential,Retail Store,DOWNTOWN,No_Second_Use,No_Third_Use,3,3,1,1,1,0
2886141.5,20.12,44913.0,7044.0,0.0,57.0,1.0,6,0,107,8536.333333333334,1.0,0.8768987465344215,0.13752977468858604,0.0,NonResidential,Small- and Mid-Sized Office,DOWNTOWN,Restaurant,No_Third_Use,3,2,1,1,0,0
37351804.0,426.39,371450.0,65451.0,9295.0,43.0,1.0,29,0,46,16868.344827586207,1.0,0.7593288387553099,0.1337968281743809,0.01900110797208401,NonResidential,Large Office,DOWNTOWN,Parking,Other - Technology/Science,2,4,1,1,1,0
17352520.0,639.72,182604.0,13320.0,6246.0,62.0,1.0,27,13320,87,8021.148148148148,0.938495920506439,0.843159979868034,0.061504079493561,0.028840426465223876,NonResidential,Large Office,DOWNTOWN,Parking,Other - Technology/Science,3,4,1,1,1,1
19036416.0,132.71,151740.0,12645.0,0.0,13.0,1.0,13,0,95,14551.923076923076,1.0,0.802114444297608,0.06684287035813401,0.0,NonResidential,Large Office,DOWNTOWN,Other,No_Third_Use,3,4,1,1,0,0
17267470.0,119.03,145491.0,70603.0,0.0,25.0,1.0,13,74481,18,22600.23076923077,0.7464933986378628,0.4951991640657175,0.2403072807289238,0.0,NonResidential,Large Office,DOWNTOWN,Parking,No_Third_Use,1,4,1,1,0,0
4675881.5,41.8,95942.0,15523.0,182.0,91.0,1.0,7,0,106,17479.428571428572,1.0,0.7841217431102684,0.12686750138938835,0.0014874628134296643,NonResidential,Large Office,DOWNTOWN,Retail Store,Data Center,3,3,1,1,1,0
2038746.5,13.72,50250.0,0.0,0.0,89.0,1.0,3,0,95,17432.666666666668,1.0,0.9608398026693181,0.0,0.0,NonResidential,Small- and Mid-Sized Office,DOWNTOWN,No_Second_Use,No_Third_Use,3,2,1,1,0,0
7066534.5,169.06,82053.0,6561.0,6333.0,75.0,1.0,17,0,105,6861.176470588235,1.0,0.7034722222222223,0.05625,0.05429526748971193,NonResidential,Large Office,DOWNTOWN,Financial Office,Food Service,3,3,1,1,0,1
39518364.0,264.78,983697.0,296815.0,12941.0,95.0,1.0,42,201121,35,29739.404761904763,0.8389814699913134,0.7875529900604857,0.23763164952704244,0.010360632638274535,NonResidential,Large Office,DOWNTOWN,Parking,Medical Office,1,4,1,1,0,0
8588643.0,89.41,81873.0,67000.0,0.0,15.0,1.0,5,99314,28,37667.8,0.4726848926669463,0.4347108140109059,0.3557415086625712,0.0,NonResidential,Medical Office,EAST,Parking,No_Third_Use,1,4,1,1,1,0
4269199.5,31.43,84481.0,8474.0,0.0,83.0,1.0,6,13700,106,15833.333333333334,0.8557894736842105,0.8892736842105263,0.0892,0.0,NonResidential,Small- and Mid-Sized Office,DOWNTOWN,Parking,No_Third_Use,3,3,1,1,1,0
16162013.0,390.67,204993.0,0.0,0.0,79.0,1.0,9,0,45,24984.11111111111,1.0,0.911659410202929,0.0,0.0,NonResidential,Large Office,DOWNTOWN,No_Second_Use,No_Third_Use,2,4,1,1,0,1
13568148.0,94.59,343400.0,114237.0,0.0,96.0,1.0,8,124788,18,55782.625,0.7203699180524402,0.7695048413372444,0.2559869672680337,0.0,NonResidential,Large Office,DOWNTOWN,Parking,No_Third_Use,1,4,1,1,0,0
1849863.625,51.56,58500.0,0.0,0.0,,1.0,2,0,77,29246.0,1.0,1.0001367708404567,0.0,0.0,NonResidential,Other,GREATER DUWAMISH,No_Second_Use,No_Third_Use,3,2,0,1,1,0
4353025.0,30.35,49473.0,10408.0,0.0,30.0,1.0,6,0,109,10395.0,1.0,0.7932178932178933,0.16687510020843355,0.0,NonResidential,Small- and Mid-Sized Office,GREATER DUWAMISH,Restaurant,No_Third_Use,3,3,1,1,0,0
2709055.0,73.58,77800.0,0.0,0.0,83.0,1.0,1,0,56,73296.0,1.0,1.0614494651822746,0.0,0.0,NonResidential,Warehouse,GREATER DUWAMISH,Parking,No_Third_Use,2,3,1,1,1,0
14522162.0,179.45,50036.0,49086.0,0.0,,1.0,4,0,72,24780.5,1.0,0.5047920744133492,0.4952079255866508,0.0,Nonresidential COS,Other,GREATER DUWAMISH,Office,No_Third_Use,3,3,0,1,1,0
6528948.0,89.94,60787.0,13805.0,2408.0,,1.0,1,0,31,66133.0,1.0,0.9191628990065475,0.20874601182465638,0.03641147384815448,NonResidential,Other,GREATER DUWAMISH,Office,Non-Refrigerated Warehouse,1,3,0,1,1,0
3847929.5,111.23,101752.0,8068.0,4270.0,,1.0,2,0,64,57834.0,1.0,0.8796901476640039,0.06975135733305668,0.03691600096828855,NonResidential,Warehouse,GREATER DUWAMISH,Office,Retail Store,2,3,0,1,1,0
6837936.0,46.52,152511.0,0.0,0.0,,1.0,1,0,46,141686.0,1.0,1.0764013381703204,0.0,0.0,NonResidential,Other,GREATER DUWAMISH,No_Second_Use,No_Third_Use,2,4,0,1,0,0
6612733.0,152.28,101278.0,502.0,0.0,95.0,1.0,1,0,66,93610.0,1.0,1.0819143253925863,0.005362674927892319,0.0,NonResidential,Small- and Mid-Sized Office,GREATER DUWAMISH,Data Center,No_Third_Use,2,3,1,1,1,0
7181600.0,60.92,141917.0,0.0,0.0,67.0,1.0,2,0,43,78094.0,1.0,0.9086293441237483,0.0,0.0,NonResidential,Large Office,GREATER DUWAMISH,Parking,No_Third_Use,2,4,1,1,1,0
1951856.25,13.61,56900.0,0.0,0.0,11.0,1.0,1,0,50,115620.0,1.0,0.4921293893790002,0.0,0.0,NonResidential,Warehouse,GREATER DUWAMISH,No_Second_Use,No_Third_Use,2,3,1,1,0,0
10775646.0,75.12,245240.0,5616.0,5616.0,93.0,1.0,5,0,41,47629.6,1.0,1.0297798007961436,0.023581974234509633,0.023581974234509633,NonResidential,Large Office,GREATER DUWAMISH,Parking,Parking,2,4,1,1,0,0
4843056.0,131.64,34206.0,21244.0,0.0,31.0,1.0,1,0,47,55450.0,1.0,0.6168800721370604,0.3831199278629396,0.0,NonResidential,Warehouse,GREATER DUWAMISH,Office,No_Third_Use,2,2,1,1,1,0
3013861.5,89.53,55000.0,0.0,0.0,32.0,1.0,1,0,37,54880.0,1.0,1.0021865889212829,0.0,0.0,NonResidential,Distribution Center,GREATER DUWAMISH,No_Second_Use,No_Third_Use,2,2,1,1,1,0
7728856.5,158.55,99471.0,0.0,0.0,81.0,1.0,1,0,24,102500.0,1.0,0.9704487804878049,0.0,0.0,NonResidential,Retail Store,DELRIDGE,Parking,No_Third_Use,1,3,1,1,1,0
9158207.0,119.92,232685.0,63419.0,15757.0,,1.0,6,272900,14,60233.0,0.24487683938483334,0.6438469499001102,0.1754824321108584,0.04360013060393251,NonResidential,Other,NORTHEAST,Retail Store,Non-Refrigerated Warehouse,0,4,0,1,1,0
11077140.0,99.14,321828.0,298043.0,5636.0,,1.0,5,19820,16,60651.0,0.9346424626139718,1.061245486471781,0.9828131440536841,0.018585019208257076,NonResidential,Other,North,Retail Store,Other,0,4,0,1,1,0
16973858.0,455.39,288048.0,83683.0,35760.0,43.0,1.0,1,0,30,411584.0,1.0,0.6998522780283004,0.20331937101539418,0.08688384388120043,NonResidential,Distribution Center,GREATER DUWAMISH,Non-Refrigerated Warehouse,Refrigerated Warehouse,1,4,1,1,1,0
1315191.375,29.16,27283.0,23277.0,6540.0,,1.0,4,0,114,18330.0,1.0,0.3721085651936716,0.31747135842880525,0.08919803600654665,NonResidential,Mixed Use Property,DOWNTOWN,Office,Retail Store,3,3,0,1,1,0
9683979.0,67.51,149081.0,76364.0,0.0,77.0,1.0,4,100176,8,60671.5,0.5872196995294331,0.6142958390677665,0.3146617439819355,0.0,NonResidential,Large Office,MAGNOLIA / QUEEN ANNE,Parking,No_Third_Use,0,4,1,1,0,0
5587502.5,74.45,95760.0,0.0,0.0,83.0,1.0,6,15840,116,15960.0,0.8345864661654135,1.0,0.0,0.0,NonResidential,Small- and Mid-Sized Office,DOWNTOWN,No_Second_Use,No_Third_Use,3,3,1,1,1,0
3459543.0,24.12,178087.0,0.0,0.0,57.0,1.0,1,0,70,179413.0,1.0,0.9926092312151293,0.0,0.0,NonResidential,Warehouse,GREATER DUWAMISH,No_Second_Use,No_Third_Use,3,4,1,1,0,0
11518169.0,106.12,220033.0,168978.0,0.0,87.0,1.0,10,0,22,38151.1,1.0,0.5767409065531531,0.4429177664602069,0.0,NonResidential,Large Office,MAGNOLIA / QUEEN ANNE,Parking,No_Third_Use,1,4,1,1,1,0
13631141.0,95.03,295494.0,94781.0,0.0,91.0,1.0,17,138098,7,24309.647058823528,0.6658358821479732,0.7150247783499167,0.2293473421348097,0.0,NonResidential,Large Office,DOWNTOWN,Parking,No_Third_Use,0,4,1,1,0,0
5034998.5,79.39,41624.0,33399.0,20740.0,63.0,1.0,6,54300,7,20400.0,0.5563725490196079,0.3400653594771242,0.27286764705882355,0.16944444444444445,NonResidential,Mixed Use Property,NORTHEAST,Parking,Multifamily Housing,0,3,1,1,1,0
5561522.5,110.41,85572.0,2950.0,2500.0,,1.0,2,0,60,46901.5,1.0,0.9122522733814483,0.031448887562231485,0.026651599629009735,NonResidential,Retail Store,NORTHEAST,Restaurant,Other,2,3,0,1,1,0
3004271.0,20.94,112484.0,24433.0,0.0,47.0,1.0,2,0,50,61500.0,1.0,0.9145040650406504,0.19864227642276422,0.0,NonResidential,Warehouse,GREATER DUWAMISH,Office,No_Third_Use,2,3,1,1,0,0
9941308.0,69.3,177748.0,0.0,0.0,70.0,1.0,5,112980,13,55026.0,0.5893577581506924,0.6460509577290735,0.0,0.0,NonResidential,Medical Office,EAST,No_Second_Use,No_Third_Use,0,4,1,1,0,0
1167543.25,27.24,52702.0,7746.0,0.0,90.0,1.0,1,0,38,60448.0,1.0,0.871856802541027,0.128143197458973,0.0,NonResidential,Warehouse,GREATER DUWAMISH,Office,No_Third_Use,2,2,1,1,1,0
2740574.75,20.85,26400.0,19200.0,17000.0,,1.0,4,21612,12,19353.0,0.7208184777553868,0.3410323980778174,0.24802356223841265,0.21960419573192785,NonResidential,Mixed Use Property,EAST,Office,Parking,0,3,0,1,1,0
12814944.0,133.5,146150.0,139000.0,0.0,59.0,1.0,5,159157,26,57883.8,0.4500810243971543,0.5049772129680498,0.48027254603187763,0.0,NonResidential,Medical Office,EAST,Parking,No_Third_Use,1,4,1,1,1,0
7947933.5,54.18,87552.0,0.0,0.0,18.0,1.0,5,0,29,18053.2,1.0,0.969933308222365,0.0,0.0,NonResidential,Other,NORTH,No_Second_Use,No_Third_Use,1,3,1,1,0,0
1185468.125,14.49,87332.0,0.0,0.0,87.0,1.0,4,6458,12,21833.0,0.9260523061420785,1.0,0.0,0.0,NonResidential,Warehouse,Ballard,No_Second_Use,No_Third_Use,0,3,1,1,1,0
13961121.0,453.76,100528.0,50017.0,0.0,28.0,1.0,6,50017,13,25090.833333333332,0.667760470291275,0.667760470291275,0.33223952970872495,0.0,NonResidential,Hotel,EAST,Parking,No_Third_Use,0,4,1,1,1,0
19009360.0,341.23,134197.0,5803.0,0.0,,1.0,5,0,17,28343.6,1.0,0.9469298183716959,0.040947515488505344,0.0,NonResidential,Other,MAGNOLIA / QUEEN ANNE,Restaurant,No_Third_Use,1,4,0,1,1,0
9495641.0,278.97,92000.0,20000.0,4006.0,8.0,1.0,5,21273,8,22371.2,0.8098179802603347,0.8224860534973537,0.1788013159776856,0.035813903590330425,NonResidential,Hotel,MAGNOLIA / QUEEN ANNE,Parking,Restaurant,0,3,1,1,1,0
14128860.0,284.01,58047.0,12353.0,0.0,1.0,1.0,1,0,46,70400.0,1.0,0.82453125,0.17546875,0.0,NonResidential,Warehouse,DELRIDGE,Office,No_Third_Use,2,3,1,1,1,0
11474490.0,295.12,130767.0,0.0,0.0,60.0,1.0,1,0,21,101830.0,1.0,1.2841696945890209,0.0,0.0,NonResidential,Retail Store,NORTHWEST,No_Second_Use,No_Third_Use,1,3,1,1,1,0
7575080.0,109.71,114000.0,0.0,0.0,,2.0,4,0,42,28500.0,1.0,1.0,0.0,0.0,NonResidential,University,CENTRAL,No_Second_Use,No_Third_Use,2,3,0,1,1,0
20862660.0,259.49,180633.0,50000.0,50000.0,,1.0,3,0,14,112687.66666666667,1.0,0.5343175680272612,0.14790142665716152,0.14790142665716152,SPS-District K-12,Other,GREATER DUWAMISH,"Repair Services (Vehicle, Shoe, Locksmith, etc)",Restaurant,0,4,0,1,1,0
25585012.0,189.85,236359.0,86298.0,0.0,57.0,1.0,6,0,106,53491.0,1.0,0.7364447601777246,0.2688863547138771,0.0,NonResidential,Medical Office,CENTRAL,Laboratory,No_Third_Use,3,4,1,1,1,0
5617868.0,134.82,74178.0,0.0,0.0,,1.0,1,0,58,74178.0,1.0,1.0,0.0,0.0,NonResidential,Retail Store,GREATER DUWAMISH,No_Second_Use,No_Third_Use,2,3,0,1,1,0
1935438.625,13.51,48103.0,3753.0,0.0,,1.0,2,0,8,25928.0,1.0,0.9276265041653811,0.07237349583461894,0.0,NonResidential,Other,GREATER DUWAMISH,Office,No_Third_Use,0,2,0,1,0,0
7070998.5,49.29,26044.0,13884.0,13858.0,3.0,1.0,3,12586,95,22046.0,0.80970092836191,0.3937826967855091,0.20992470289394902,0.2095315854727993,NonResidential,Mixed Use Property,GREATER DUWAMISH,Manufacturing/Industrial Plant,Parking,3,3,1,1,0,0
2090011.625,25.6,91064.0,0.0,0.0,32.0,1.0,3,36093,16,31026.333333333332,0.612232619602703,0.9783517227301539,0.0,0.0,NonResidential,Low-Rise Multifamily,LAKE UNION,No_Second_Use,No_Third_Use,0,3,1,1,1,0
891251.5,31.74,22220.0,0.0,0.0,90.0,1.0,2,0,59,11110.0,1.0,1.0,0.0,0.0,NonResidential,Worship Facility,NORTHEAST,No_Second_Use,No_Third_Use,2,0,1,1,1,0
2173092.25,30.52,23751.0,14024.0,10095.0,,1.0,1,0,54,44700.0,1.0,0.5313422818791946,0.3137360178970917,0.22583892617449663,NonResidential,Mixed Use Property,GREATER DUWAMISH,Other,Non-Refrigerated Warehouse,2,2,0,1,1,0
1692054.125,11.29,40000.0,0.0,0.0,1.0,1.0,1,0,40,44100.0,1.0,0.9070294784580499,0.0,0.0,NonResidential,Warehouse,GREATER DUWAMISH,No_Second_Use,No_Third_Use,2,2,1,1,0,0
1337789.75,24.39,27800.0,0.0,0.0,13.0,1.0,1,0,51,27800.0,1.0,1.0,0.0,0.0,NonResidential,Distribution Center,GREATER DUWAMISH,No_Second_Use,No_Third_Use,2,1,1,1,1,0
2564004.0,17.87,46340.0,0.0,0.0,3.0,1.0,1,0,15,46340.0,1.0,1.0,0.0,0.0,NonResidential,Warehouse,GREATER DUWAMISH,No_Second_Use,No_Third_Use,0,2,1,1,0,0
2660376.75,101.5,22800.0,0.0,0.0,,3.0,1,0,22,22800.0,1.0,1.0,0.0,0.0,Campus,Other,GREATER DUWAMISH,No_Second_Use,No_Third_Use,1,0,0,1,1,0
2064345.875,36.02,38460.0,0.0,0.0,69.0,1.0,3,0,106,12820.0,1.0,1.0,0.0,0.0,NonResidential,Small- and Mid-Sized Office,CENTRAL,No_Second_Use,No_Third_Use,3,1,1,1,1,0
1078904.0,43.84,21022.0,0.0,0.0,54.0,1.0,2,0,94,10511.0,1.0,1.0,0.0,0.0,NonResidential,Worship Facility,NORTHWEST,No_Second_Use,No_Third_Use,3,0,1,1,1,0
2495909.5,86.46,48001.0,0.0,0.0,49.0,1.0,1,0,49,48001.0,1.0,1.0,0.0,0.0,NonResidential,Distribution Center,GREATER DUWAMISH,No_Second_Use,No_Third_Use,2,2,1,1,1,0
526955.3125,3.58,23620.0,2760.0,0.0,,1.0,1,0,37,26380.0,1.0,0.8953752843062927,0.10462471569370735,0.0,NonResidential,Warehouse,GREATER DUWAMISH,Office,No_Third_Use,2,0,0,1,1,0
2832228.5,77.04,29551.0,9569.0,0.0,10.0,1.0,1,0,47,37351.0,1.0,0.7911702497925089,0.25619126663275416,0.0,NonResidential,Warehouse,GREATER DUWAMISH,Office,No_Third_Use,2,1,1,1,1,0
606874.5,21.93,33589.0,0.0,0.0,90.0,1.0,2,0,102,16794.5,1.0,1.0,0.0,0.0,NonResidential,Worship Facility,BALLARD,No_Second_Use,No_Third_Use,3,1,1,1,1,0
3220635.25,22.65,43495.0,0.0,0.0,46.0,1.0,3,0,37,14500.0,1.0,0.9998850574712643,0.0,0.0,NonResidential,Small- and Mid-Sized Office,BALLARD,No_Second_Use,No_Third_Use,2,2,1,1,1,0
2000228.875,37.78,28492.0,0.0,0.0,12.0,1.0,2,0,38,14246.0,1.0,1.0,0.0,0.0,NonResidential,Small- and Mid-Sized Office,BALLARD,No_Second_Use,No_Third_Use,2,1,1,1,1,0
1401315.875,9.77,18000.0,1800.0,1000.0,,1.0,3,0,53,7441.666666666667,1.0,0.8062709966405375,0.08062709966405375,0.04479283314669653,NonResidential,Small- and Mid-Sized Office,BALLARD,Medical Office,Other,2,0,0,1,0,0
1358519.0,9.47,22719.0,0.0,0.0,,1.0,3,0,39,7573.0,1.0,1.0,0.0,0.0,NonResidential,Restaurant,BALLARD,Parking,No_Third_Use,2,0,0,1,0,0
7251589.0,50.55,69000.0,0.0,0.0,,1.0,2,22000,70,22294.0,0.5065937023414372,1.547501569929129,0.0,0.0,NonResidential,Laboratory,DOWNTOWN,No_Second_Use,No_Third_Use,3,2,0,1,0,0
7339108.0,169.75,147545.0,0.0,0.0,69.0,1.0,2,0,99,73772.5,1.0,1.0,0.0,0.0,NonResidential,Retail Store,DOWNTOWN,No_Second_Use,No_Third_Use,3,4,1,1,1,0
1207838.75,7.77,25778.0,200.0,0.0,,1.0,2,0,93,10731.0,1.0,1.2010996179293636,0.009318796011555308,0.0,Nonresidential COS,Other,NORTH,Office,No_Third_Use,3,0,0,1,0,0
1587238.0,63.48,23835.0,0.0,0.0,,1.0,2,0,99,14036.0,1.0,0.8490666856654318,0.0,0.0,NonResidential,Other,NORTHWEST,No_Second_Use,No_Third_Use,3,1,0,1,1,0
1636649.125,29.62,14400.0,7200.0,0.0,,1.0,2,0,99,10800.0,1.0,0.6666666666666666,0.3333333333333333,0.0,NonResidential,Small- and Mid-Sized Office,DOWNTOWN,Other - Lodging/Residential,No_Third_Use,3,0,0,1,1,0
4673727.5,141.2,37993.0,3547.0,0.0,59.0,1.0,5,13320,42,12365.0,0.7845531742822482,0.6145248685806712,0.05737161342498989,0.0,NonResidential,Small- and Mid-Sized Office,DOWNTOWN,Bank Branch,No_Third_Use,2,3,1,1,1,0
1408291.375,9.82,64630.0,0.0,0.0,96.0,1.0,3,0,74,21543.333333333332,1.0,1.0,0.0,0.0,NonResidential,Small- and Mid-Sized Office,DOWNTOWN,No_Second_Use,No_Third_Use,3,3,1,1,0,0
1208581.375,42.19,20920.0,0.0,0.0,15.0,1.0,2,0,68,10460.0,1.0,1.0,0.0,0.0,NonResidential,Worship Facility,DOWNTOWN,No_Second_Use,No_Third_Use,3,0,1,1,1,0
727772.8125,25.24,22128.0,0.0,0.0,94.0,1.0,2,0,90,11064.0,1.0,1.0,0.0,0.0,NonResidential,Worship Facility,SOUTHWEST,No_Second_Use,No_Third_Use,3,0,1,1,1,0
959683.125,24.02,40000.0,0.0,0.0,98.0,1.0,1,0,48,48139.0,1.0,0.8309271069195455,0.0,0.0,NonResidential,Retail Store,NORTHWEST,No_Second_Use,No_Third_Use,2,2,1,1,1,0
1110209.25,43.8,15364.0,6000.0,0.0,86.0,1.0,2,0,67,10682.0,1.0,0.7191537165324845,0.28084628346751545,0.0,NonResidential,Worship Facility,SOUTHWEST,K-12 School,No_Third_Use,3,0,1,1,1,0
508430.5938,15.27,28800.0,0.0,0.0,,1.0,2,0,24,14461.5,1.0,0.995747329115237,0.0,0.0,NonResidential,University,DOWNTOWN,No_Second_Use,No_Third_Use,1,1,0,1,1,0
359207.1875,6.33,21600.0,0.0,0.0,,1.0,3,0,88,7200.0,1.0,1.0,0.0,0.0,NonResidential,University,DOWNTOWN,No_Second_Use,No_Third_Use,3,0,0,1,1,0
1245673.0,18.1,25691.0,0.0,0.0,82.0,1.0,1,0,20,25735.0,1.0,0.9982902661744706,0.0,0.0,NonResidential,Retail Store,NORTHEAST,No_Second_Use,No_Third_Use,1,0,1,1,1,0
3424428.0,29.54,47465.0,2500.0,0.0,82.0,1.0,2,0,13,24982.5,1.0,0.949964975482838,0.05003502451716201,0.0,NonResidential,Retail Store,NORTHEAST,Other,No_Third_Use,0,2,1,1,1,0
550668.125,14.22,20028.0,0.0,0.0,95.0,1.0,2,0,87,10014.0,1.0,1.0,0.0,0.0,NonResidential,Small- and Mid-Sized Office,DOWNTOWN,No_Second_Use,No_Third_Use,3,0,1,1,0,1
575362.5,9.95,26195.0,2285.0,0.0,100.0,1.0,7,0,116,3374.5714285714284,1.0,1.1089238845144358,0.09673186013038693,0.0,NonResidential,Small- and Mid-Sized Office,DOWNTOWN,Restaurant,No_Third_Use,3,0,1,1,1,0
883197.6875,6.16,20183.0,3380.0,0.0,67.0,1.0,3,0,114,7854.333333333333,1.0,0.8565547680685821,0.1434452319314179,0.0,NonResidential,Small- and Mid-Sized Office,DOWNTOWN,Restaurant,No_Third_Use,3,0,1,1,0,0
1167559.75,24.25,12000.0,11000.0,3000.0,,1.0,3,0,113,9533.333333333334,1.0,0.4195804195804196,0.38461538461538464,0.1048951048951049,NonResidential,Mixed Use Property,DOWNTOWN,Retail Store,Restaurant,3,1,0,1,1,0
2249630.25,15.24,15549.0,12379.0,10611.0,55.0,1.0,2,12379,38,19269.5,0.6787929110770907,0.4034614286826332,0.3212070889229093,0.27533148239445754,NonResidential,Mixed Use Property,DOWNTOWN,Parking,Office,2,1,1,1,0,0
1997288.75,13.87,29040.0,0.0,0.0,24.0,1.0,5,0,110,5368.0,1.0,1.0819672131147542,0.0,0.0,NonResidential,Small- and Mid-Sized Office,DOWNTOWN,No_Second_Use,No_Third_Use,3,1,1,1,0,0
1245187.5,8.68,36019.0,10781.0,0.0,86.0,1.0,2,0,110,23400.0,1.0,0.7696367521367521,0.23036324786324786,0.0,NonResidential,Retail Store,DOWNTOWN,Office,No_Third_Use,3,2,1,1,0,0
2067352.5,14.63,39000.0,26640.0,0.0,51.0,1.0,3,26640,37,21330.0,0.5836849507735584,0.6094702297233943,0.41631504922644164,0.0,NonResidential,Small- and Mid-Sized Office,DOWNTOWN,Parking,No_Third_Use,2,3,1,1,1,0
1423579.25,28.81,21600.0,7200.0,6200.0,50.0,1.0,3,0,108,9600.0,1.0,0.75,0.25,0.2152777777777778,NonResidential,Small- and Mid-Sized Office,DOWNTOWN,Other,Non-Refrigerated Warehouse,3,1,1,1,1,0
1817034.125,60.43,26556.0,4968.0,0.0,75.0,1.0,3,4968,62,11184.0,0.851931330472103,0.7914878397711016,0.148068669527897,0.0,NonResidential,Small- and Mid-Sized Office,DOWNTOWN,Parking,No_Third_Use,2,1,1,1,1,0
1667641.25,33.78,26270.0,0.0,0.0,32.0,1.0,2,0,85,13135.0,1.0,1.0,0.0,0.0,NonResidential,Retail Store,DOWNTOWN,No_Second_Use,No_Third_Use,3,0,1,1,1,0
2385395.0,16.63,49800.0,7820.0,0.0,50.0,1.0,3,7820,90,19206.666666666668,0.8642832349878514,0.8642832349878514,0.13571676501214855,0.0,NonResidential,Small- and Mid-Sized Office,DOWNTOWN,Parking,No_Third_Use,3,2,1,1,0,0
2466522.25,66.29,57800.0,0.0,0.0,87.0,1.0,5,0,26,11560.0,1.0,1.0,0.0,0.0,NonResidential,Hotel,DOWNTOWN,No_Second_Use,No_Third_Use,1,2,1,1,1,0
1788951.625,12.95,31160.0,0.0,0.0,2.0,1.0,2,0,61,15945.0,1.0,0.9771088115396676,0.0,0.0,NonResidential,Other,DOWNTOWN,No_Second_Use,No_Third_Use,2,1,1,1,0,0
1523175.125,41.69,25920.0,13155.0,0.0,53.0,1.0,2,13660,91,22049.0,0.6902353848247086,0.5877817588099233,0.2983128486552678,0.0,NonResidential,Small- and Mid-Sized Office,DOWNTOWN,Parking,No_Third_Use,3,2,1,1,0,1
3625967.75,126.78,22381.0,0.0,0.0,,1.0,3,0,93,7460.333333333333,1.0,1.0,0.0,0.0,NonResidential,Restaurant,DOWNTOWN,No_Second_Use,No_Third_Use,3,0,0,1,1,0
485607.1875,11.14,13940.0,10439.0,0.0,,1.0,1,1263,91,24825.0,0.9491238670694864,0.5615307150050353,0.42050352467270896,0.0,NonResidential,Retail Store,DOWNTOWN,Non-Refrigerated Warehouse,No_Third_Use,3,0,0,1,1,0
1640803.5,10.83,26670.0,0.0,0.0,51.0,1.0,4,0,64,6667.5,1.0,1.0,0.0,0.0,NonResidential,Medical Office,DOWNTOWN,No_Second_Use,No_Third_Use,2,1,1,1,1,0
3356598.0,86.02,38939.0,0.0,0.0,,1.0,2,0,94,18870.0,1.0,1.031770005299417,0.0,0.0,Nonresidential COS,Other,DOWNTOWN,No_Second_Use,No_Third_Use,3,1,0,1,1,0
1199844.875,30.33,14317.0,9435.0,0.0,,1.0,1,0,51,23752.0,1.0,0.6027702930279556,0.39722970697204446,0.0,NonResidential,Small- and Mid-Sized Office,DOWNTOWN,Retail Store,Parking,2,0,0,1,1,0
2736926.5,72.78,52668.0,0.0,0.0,61.0,1.0,4,0,49,11104.0,1.0,1.1857889048991355,0.0,0.0,NonResidential,Hotel,DOWNTOWN,No_Second_Use,No_Third_Use,2,2,1,1,1,0
1297917.25,36.43,45991.0,0.0,0.0,77.0,1.0,2,0,88,22995.5,1.0,1.0,0.0,0.0,NonResidential,Worship Facility,Northwest,No_Second_Use,No_Third_Use,3,2,1,1,1,0
605130.6875,4.22,21499.0,0.0,0.0,85.0,1.0,3,0,95,7166.333333333333,1.0,1.0,0.0,0.0,NonResidential,Residence Hall,NORTHEAST,No_Second_Use,No_Third_Use,3,0,1,1,0,0
1781798.375,13.91,25021.0,0.0,0.0,16.0,1.0,2,0,27,10192.0,1.0,1.227482339089482,0.0,0.0,NonResidential,Small- and Mid-Sized Office,NORTHEAST,No_Second_Use,No_Third_Use,1,0,1,1,1,0
5322918.5,47.12,31905.0,4388.0,2679.0,,1.0,2,0,60,19632.5,1.0,0.8125557111931746,0.11175347001146059,0.06822870240672355,NonResidential,Retail Store,NORTHEAST,Office,Other,2,2,0,1,1,0
6890861.0,63.61,52784.0,1900.0,0.0,18.0,1.0,2,0,60,27142.0,1.0,0.9723675484488984,0.035001105298062045,0.0,NonResidential,Retail Store,NORTHEAST,Other,No_Third_Use,2,2,1,1,1,0
2621259.25,28.41,21909.0,1500.0,0.0,67.0,1.0,1,0,60,23409.0,1.0,0.935922081250801,0.06407791874919902,0.0,NonResidential,Retail Store,NORTHEAST,Other,No_Third_Use,2,0,1,1,1,0
4670313.0,47.66,59396.0,2757.0,1000.0,,1.0,1,0,19,63153.0,1.0,0.9405095561572688,0.04365588333095815,0.015834560511772997,NonResidential,Retail Store,NORTHEAST,Non-Refrigerated Warehouse,Other,1,3,0,1,1,0
1640279.375,46.57,30910.0,0.0,0.0,91.0,2.0,2,0,55,12050.0,1.0,1.282572614107884,0.0,0.0,NonResidential,Hotel,NORTHEAST,No_Second_Use,No_Third_Use,2,0,1,1,1,0
4712960.5,101.99,19200.0,14400.0,0.0,,1.0,3,0,93,11200.0,1.0,0.5714285714285714,0.42857142857142855,0.0,NonResidential,Restaurant,DOWNTOWN,Office,No_Third_Use,3,1,0,1,1,0
2013033.75,74.92,25876.0,6480.0,0.0,81.0,1.0,4,0,89,8089.0,1.0,0.7997280257139325,0.2002719742860675,0.0,NonResidential,Other,DOWNTOWN,Bank Branch,No_Third_Use,3,1,1,1,0,1
4077797.0,126.3,61180.0,0.0,0.0,24.0,1.0,7,12960,56,8740.0,0.7881660673422687,1.0,0.0,0.0,NonResidential,Hotel,DOWNTOWN,No_Second_Use,No_Third_Use,2,2,1,1,1,0
3603400.0,99.15,32569.0,0.0,0.0,51.0,1.0,5,11250,38,8701.2,0.741414977244518,0.7486093872109594,0.0,0.0,NonResidential,Small- and Mid-Sized Office,DOWNTOWN,Parking,No_Third_Use,2,2,1,1,1,0
981916.5,32.64,21393.0,0.0,0.0,57.0,1.0,2,0,68,10696.5,1.0,1.0,0.0,0.0,NonResidential,Worship Facility,Northwest,No_Second_Use,No_Third_Use,3,0,1,1,1,0
1221954.375,33.23,23146.0,15724.0,8255.0,80.0,1.0,2,0,26,23780.0,1.0,0.4866694701429773,0.3306139613120269,0.17357022708158115,NonResidential,Mixed Use Property,SOUTHEAST,Non-Refrigerated Warehouse,Office,1,2,1,1,1,0
1147752.25,34.98,35696.0,15661.0,10877.0,100.0,1.0,6,0,10,10389.0,1.0,0.572656976930728,0.25124330221067154,0.1744954599416049,NonResidential,Senior Care Community,EAST,Bank Branch,Parking,0,3,1,1,1,0
1667310.5,64.51,20960.0,0.0,0.0,,1.0,3,0,86,6986.666666666667,1.0,1.0,0.0,0.0,NonResidential,Residence Hall,NORTHEAST,No_Second_Use,No_Third_Use,3,0,0,1,1,0
773795.625,8.45,28800.0,0.0,0.0,,1.0,3,0,106,9600.0,1.0,1.0,0.0,0.0,NonResidential,University,DOWNTOWN,No_Second_Use,No_Third_Use,3,1,0,1,1,0
1415640.0,38.87,21600.0,0.0,0.0,72.0,1.0,2,0,59,10800.0,1.0,1.0,0.0,0.0,NonResidential,K-12 School,DOWNTOWN,No_Second_Use,No_Third_Use,2,0,1,1,1,0
990507.3125,6.49,22860.0,0.0,0.0,43.0,1.0,3,0,21,7620.0,1.0,1.0,0.0,0.0,NonResidential,K-12 School,DOWNTOWN,No_Second_Use,No_Third_Use,1,0,1,1,0,0
996850.0,32.22,26386.0,0.0,0.0,88.0,1.0,1,0,44,26366.0,1.0,1.0007585526814837,0.0,0.0,NonResidential,Worship Facility,NORTHEAST,Parking,No_Third_Use,2,0,1,1,1,0
942745.6875,23.59,21732.0,0.0,0.0,2.0,1.0,2,0,51,10866.0,1.0,1.0,0.0,0.0,NonResidential,Worship Facility,SOUTHEAST,No_Second_Use,No_Third_Use,2,0,1,1,1,0
380806.5938,6.69,10495.0,10240.0,1890.0,,1.0,1,0,71,21060.0,1.0,0.498338081671415,0.4862298195631529,0.08974358974358974,NonResidential,Mixed Use Property,BALLARD,Retail Store,Office,3,0,0,1,1,0
1695247.625,37.31,7387.0,5264.0,3700.0,,1.0,4,0,56,5134.75,1.0,0.35965723745070355,0.2562929061784897,0.1801450898291056,NonResidential,Mixed Use Property,BALLARD,Multifamily Housing,Restaurant,2,0,0,1,1,0
813641.0,5.67,32960.0,0.0,0.0,71.0,1.0,3,0,116,10986.666666666666,1.0,1.0,0.0,0.0,NonResidential,Retail Store,NORTHEAST,No_Second_Use,No_Third_Use,3,1,1,1,0,0
688641.8125,4.8,25096.0,4540.0,0.0,,1.0,3,0,95,9878.666666666666,1.0,0.8468079362936969,0.15319206370630314,0.0,NonResidential,Other,NORTHEAST,Multifamily Housing,No_Third_Use,3,1,0,1,0,0
759756.5,4.99,20571.0,0.0,0.0,72.0,1.0,3,0,86,6857.0,1.0,1.0,0.0,0.0,NonResidential,Hotel,NORTHEAST,No_Second_Use,No_Third_Use,3,0,1,1,0,0
3518393.25,118.37,37800.0,10206.0,0.0,17.0,1.0,2,0,90,23996.0,1.0,0.7876312718786465,0.21266044340723453,0.0,NonResidential,Worship Facility,NORTHEAST,Other,No_Third_Use,3,2,1,1,1,0
2759011.75,89.57,22000.0,7000.0,0.0,16.0,1.0,3,0,23,9524.0,1.0,0.7699846003079939,0.24499510009799805,0.0,NonResidential,Residence Hall,NORTHEAST,Parking,No_Third_Use,1,1,1,1,1,0
2641681.75,20.08,55000.0,0.0,0.0,68.0,1.0,2,26497,4,42058.0,0.6849945313614533,0.6538589566788721,0.0,0.0,NonResidential,Small- and Mid-Sized Office,LAKE UNION,No_Second_Use,No_Third_Use,0,3,1,1,1,0
9037184.0,355.8,96000.0,8000.0,0.0,8.0,1.0,9,0,91,11555.555555555555,1.0,0.9230769230769231,0.07692307692307693,0.0,NonResidential,Hotel,DOWNTOWN,Restaurant,No_Third_Use,3,3,1,1,1,1
3397766.5,23.15,58665.0,0.0,0.0,98.0,1.0,3,0,35,26124.666666666668,1.0,0.7485262969862454,0.0,0.0,NonResidential,Senior Care Community,SOUTHEAST,Parking,No_Third_Use,1,3,1,1,0,0
1894318.875,26.11,16826.0,16826.0,0.0,,1.0,2,0,9,19392.0,1.0,0.43383869636963696,0.43383869636963696,0.0,NonResidential,Mixed Use Property,BALLARD,Office,No_Third_Use,0,2,0,1,1,0
2283131.0,33.37,21790.0,20000.0,0.0,,1.0,2,0,47,20895.0,1.0,0.5214166068437425,0.4785833931562575,0.0,NonResidential,Other,GREATER DUWAMISH,Office,No_Third_Use,2,2,0,1,1,0
2388675.5,49.98,37120.0,2840.0,0.0,77.0,1.0,5,0,116,7992.0,1.0,0.928928928928929,0.07107107107107107,0.0,NonResidential,Small- and Mid-Sized Office,DOWNTOWN,Other,No_Third_Use,3,2,1,1,1,0
2390584.0,120.91,36240.0,0.0,0.0,98.0,1.0,11,0,90,3294.5454545454545,1.0,1.0,0.0,0.0,NonResidential,Hotel,DOWNTOWN,No_Second_Use,No_Third_Use,3,1,1,1,1,1
3269279.75,145.48,39320.0,0.0,0.0,,1.0,3,6960,94,13106.666666666666,0.8229908443540183,1.0,0.0,0.0,NonResidential,Other,DOWNTOWN,No_Second_Use,No_Third_Use,3,2,0,1,1,1
2735166.0,19.07,41536.0,0.0,0.0,,1.0,5,0,108,8307.2,1.0,1.0,0.0,0.0,NonResidential,Other,DOWNTOWN,No_Second_Use,No_Third_Use,3,2,0,1,0,0
3547995.75,130.58,35820.0,0.0,0.0,94.0,1.0,6,0,107,5970.0,1.0,1.0,0.0,0.0,NonResidential,Hotel,DOWNTOWN,No_Second_Use,No_Third_Use,3,1,1,1,1,0
4719841.5,185.23,57896.0,0.0,0.0,76.0,1.0,2,0,94,16731.0,1.0,1.730201422509115,0.0,0.0,NonResidential,K-12 School,SOUTHWEST,No_Second_Use,No_Third_Use,3,1,1,1,1,0
2421669.75,89.29,49744.0,0.0,0.0,98.0,1.0,3,0,51,16581.333333333332,1.0,1.0,0.0,0.0,NonResidential,K-12 School,SOUTHWEST,No_Second_Use,No_Third_Use,2,2,1,1,1,0
1565229.75,43.45,19407.0,18701.0,0.0,60.0,1.0,2,0,93,18908.0,1.0,0.5131954728157394,0.4945261265072985,0.0,NonResidential,Worship Facility,SOUTHWEST,K-12 School,No_Third_Use,3,1,1,1,1,0
3563789.75,100.21,26241.0,13124.0,2574.0,,1.0,1,13124,68,41521.0,0.6839189807567255,0.6319934490980468,0.3160810192432745,0.06199272657209605,NonResidential,Other,SOUTHWEST,Parking,Restaurant,3,2,0,1,1,0
1906384.875,13.29,25762.0,0.0,0.0,100.0,1.0,2,0,70,12881.0,1.0,1.0,0.0,0.0,NonResidential,Supermarket / Grocery Store,SOUTHWEST,No_Second_Use,No_Third_Use,3,0,1,1,0,0
2695090.5,34.15,45000.0,0.0,0.0,60.0,1.0,3,0,35,14462.333333333334,1.0,1.0371770345956162,0.0,0.0,NonResidential,Small- and Mid-Sized Office,SOUTHWEST,No_Second_Use,No_Third_Use,1,2,1,1,1,0
1505296.875,43.13,32590.0,0.0,0.0,,1.0,1,0,3,32590.0,1.0,1.0,0.0,0.0,SPS-District K-12,Other,NORTH,No_Second_Use,No_Third_Use,0,1,0,1,1,0
1908057.875,13.16,61419.0,0.0,0.0,36.0,1.0,1,0,31,37500.0,1.0,1.63784,0.0,0.0,NonResidential,Warehouse,GREATER DUWAMISH,No_Second_Use,No_Third_Use,1,1,1,1,1,0
2654904.25,33.92,39000.0,0.0,0.0,25.0,1.0,2,0,26,19500.0,1.0,1.0,0.0,0.0,NonResidential,Medical Office,CENTRAL,No_Second_Use,No_Third_Use,1,2,1,1,1,0
1212529.75,12.48,19277.0,4051.0,2592.0,,1.0,1,0,47,25920.0,1.0,0.7437114197530864,0.15628858024691358,0.1,NonResidential,Distribution Center,GREATER DUWAMISH,Refrigerated Warehouse,Office,2,0,0,1,1,0
741287.1875,5.17,25480.0,0.0,0.0,,1.0,1,0,63,25480.0,1.0,1.0,0.0,0.0,NonResidential,Refrigerated Warehouse,GREATER DUWAMISH,No_Second_Use,No_Third_Use,2,0,0,1,0,0
2315087.75,19.93,31000.0,0.0,0.0,,1.0,2,0,46,15500.0,1.0,1.0,0.0,0.0,NonResidential,Warehouse,GREATER DUWAMISH,No_Second_Use,No_Third_Use,2,1,0,1,1,0
1533262.0,19.82,17804.0,12208.0,0.0,57.0,1.0,1,0,55,29740.0,1.0,0.5986550100874244,0.4104909213180901,0.0,NonResidential,Small- and Mid-Sized Office,GREATER DUWAMISH,Non-Refrigerated Warehouse,No_Third_Use,2,1,1,1,1,0
484136.8125,13.02,20736.0,1250.0,1250.0,,1.0,1,0,62,23236.0,1.0,0.8924083318987778,0.05379583405061112,0.05379583405061112,NonResidential,Distribution Center,GREATER DUWAMISH,Office,Retail Store,2,0,0,1,1,0
2035301.25,19.04,29035.0,6213.0,2825.0,,1.0,3,0,7,12691.666666666666,1.0,0.7625738673670387,0.1631779382797111,0.07419566644780039,NonResidential,Small- and Mid-Sized Office,SOUTHEAST,K-12 School,Retail Store,0,1,0,1,1,0
2252219.5,63.06,35500.0,0.0,0.0,81.0,1.0,2,0,46,19585.0,1.0,0.9063058463109522,0.0,0.0,NonResidential,Small- and Mid-Sized Office,SOUTHEAST,No_Second_Use,No_Third_Use,2,2,1,1,1,0
557863.6875,3.89,20000.0,0.0,0.0,75.0,1.0,1,0,102,20000.0,1.0,1.0,0.0,0.0,NonResidential,Retail Store,GREATER DUWAMISH,No_Second_Use,No_Third_Use,3,0,1,1,0,0
2607414.75,83.1,14317.0,7701.0,3045.0,,1.0,1,0,68,27247.0,1.0,0.5254523433772526,0.28263662054538113,0.1117554226153338,Nonresidential COS,Other,MAGNOLIA / QUEEN ANNE,Fitness Center/Health Club/Gym,Pre-school/Daycare,3,1,0,1,1,0
1823198.75,61.71,31521.0,0.0,0.0,6.0,1.0,1,0,63,31521.0,1.0,1.0,0.0,0.0,NonResidential,Warehouse,DELRIDGE,No_Second_Use,No_Third_Use,2,1,1,1,1,0
1510110.25,46.64,20400.0,3600.0,0.0,,1.0,1,0,65,24000.0,1.0,0.85,0.15,0.0,NonResidential,Warehouse,GREATER DUWAMISH,Office,No_Third_Use,2,0,0,1,1,0
1654353.5,65.65,21900.0,0.0,0.0,,1.0,1,0,64,21900.0,1.0,1.0,0.0,0.0,NonResidential,Self-Storage Facility,GREATER DUWAMISH,No_Second_Use,No_Third_Use,2,0,0,1,1,0
800420.6875,10.75,21560.0,10974.0,5471.0,,1.0,1,0,55,38005.0,1.0,0.5672937771345875,0.28875148006841206,0.1439547427970004,NonResidential,Warehouse,GREATER DUWAMISH,Self-Storage Facility,Office,2,1,0,1,1,0
1259267.75,39.05,35579.0,0.0,0.0,72.0,1.0,1,0,18,35579.0,1.0,1.0,0.0,0.0,NonResidential,Distribution Center,GREATER DUWAMISH,No_Second_Use,No_Third_Use,1,1,1,1,1,0
854810.625,31.6,22612.0,0.0,0.0,87.0,1.0,2,0,69,11306.0,1.0,1.0,0.0,0.0,NonResidential,Worship Facility,MAGNOLIA / QUEEN ANNE,No_Second_Use,No_Third_Use,3,0,1,1,1,0
3513828.25,67.52,38787.0,0.0,0.0,,1.0,2,0,40,19393.5,1.0,1.0,0.0,0.0,NonResidential,Other,NORTH,Parking,No_Third_Use,2,2,0,1,1,0
897822.875,28.58,50369.0,0.0,0.0,,2.0,2,0,28,25184.0,1.0,1.0000198538754765,0.0,0.0,NonResidential,Self-Storage Facility,NORTH,No_Second_Use,No_Third_Use,1,2,0,1,1,0
1861291.25,61.53,23545.0,7000.0,0.0,12.0,1.0,1,0,78,30545.0,1.0,0.7708299230643313,0.22917007693566868,0.0,NonResidential,Warehouse,GREATER DUWAMISH,Office,No_Third_Use,3,1,1,1,1,0
1095913.75,29.82,33550.0,0.0,0.0,99.0,1.0,3,0,94,10897.0,1.0,1.0262763451714538,0.0,0.0,NonResidential,K-12 School,MAGNOLIA / QUEEN ANNE,No_Second_Use,No_Third_Use,3,1,1,1,1,0
1238854.625,47.59,26210.0,0.0,0.0,55.0,1.0,2,0,53,12113.5,1.0,1.0818508275890535,0.0,0.0,NonResidential,Worship Facility,MAGNOLIA / QUEEN ANNE,No_Second_Use,No_Third_Use,2,0,1,1,1,0
735187.125,18.85,27000.0,0.0,0.0,61.0,1.0,1,0,60,27000.0,1.0,1.0,0.0,0.0,NonResidential,Distribution Center,GREATER DUWAMISH,No_Second_Use,No_Third_Use,2,1,1,1,1,0
361542.0938,2.52,13945.0,7238.0,0.0,99.0,1.0,2,0,59,10591.5,1.0,0.6583109096917339,0.34168909030826605,0.0,NonResidential,Small- and Mid-Sized Office,LAKE UNION,Parking,No_Third_Use,2,0,1,1,0,0
804510.375,6.18,29392.0,3834.0,0.0,91.0,1.0,3,3834,55,9797.333333333334,0.869556341861731,1.0,0.13044365813826891,0.0,NonResidential,Small- and Mid-Sized Office,LAKE UNION,Parking,No_Third_Use,2,1,1,1,1,0
4843339.0,32.8,77796.0,55504.0,4438.0,62.0,1.0,5,55504,31,27547.6,0.5970320463488652,0.5648114536293543,0.40296795365113475,0.03222059271951096,NonResidential,Large Office,LAKE UNION,Parking,Other,1,4,1,1,0,0
1427645.0,39.5,21118.0,0.0,0.0,49.0,1.0,3,0,28,7039.333333333333,1.0,1.0,0.0,0.0,NonResidential,Residence Hall,LAKE UNION,No_Second_Use,No_Third_Use,1,0,1,1,1,0
4515744.5,72.26,101941.0,73177.0,8324.0,98.0,1.0,5,79284,3,41225.2,0.6153614779309743,0.494556727438557,0.3550110126815637,0.04038306666796038,NonResidential,Large Office,LAKE UNION,Parking,Other,0,4,1,1,1,0
1326178.125,11.27,20500.0,0.0,0.0,48.0,1.0,2,0,116,10250.0,1.0,1.0,0.0,0.0,NonResidential,Small- and Mid-Sized Office,LAKE UNION,No_Second_Use,No_Third_Use,3,0,1,1,1,0
685885.625,15.47,25521.0,0.0,0.0,82.0,1.0,2,0,86,12760.5,1.0,1.0,0.0,0.0,NonResidential,Worship Facility,NORTHEAST,No_Second_Use,No_Third_Use,3,0,1,1,1,0
1929416.5,68.14,23190.0,0.0,0.0,79.0,1.0,1,0,30,23190.0,1.0,1.0,0.0,0.0,NonResidential,K-12 School,NORTHEAST,No_Second_Use,No_Third_Use,1,0,1,1,1,0
875049.6875,32.63,23100.0,0.0,0.0,98.0,1.0,1,0,56,20678.0,1.0,1.1171293161814488,0.0,0.0,NonResidential,Small- and Mid-Sized Office,NORTHWEST,No_Second_Use,No_Third_Use,2,0,1,1,1,0
2959193.75,106.45,33780.0,0.0,0.0,43.0,1.0,3,0,94,9606.666666666666,1.0,1.1721027064538514,0.0,0.0,NonResidential,K-12 School,NORTHWEST,No_Second_Use,No_Third_Use,3,1,1,1,1,0
2095655.25,68.97,44816.0,0.0,0.0,69.0,1.0,2,0,62,13938.0,1.0,1.607691203902999,0.0,0.0,NonResidential,Worship Facility,SOUTHEAST,No_Second_Use,No_Third_Use,2,1,1,1,1,0
1419585.125,29.41,48789.0,0.0,0.0,94.0,1.0,1,0,91,48789.0,1.0,1.0,0.0,0.0,SPS-District K-12,K-12 School,MAGNOLIA / QUEEN ANNE,No_Second_Use,No_Third_Use,3,2,1,1,1,0
7048919.0,235.26,41922.0,9079.0,0.0,51.0,1.0,2,7233,50,24441.0,0.8520314226095496,0.8576163004787039,0.18573298964854137,0.0,NonResidential,Senior Care Community,SOUTHEAST,Parking,No_Third_Use,2,2,1,1,1,0
462174.4063,3.06,22320.0,0.0,0.0,62.0,1.0,1,0,39,22320.0,1.0,1.0,0.0,0.0,NonResidential,Warehouse,GREATER DUWAMISH,No_Second_Use,No_Third_Use,2,0,1,1,0,0
1575328.25,10.26,31800.0,8200.0,0.0,69.0,1.0,2,0,34,20014.5,1.0,0.7944240425691373,0.2048514826750606,0.0,NonResidential,Small- and Mid-Sized Office,GREATER DUWAMISH,Non-Refrigerated Warehouse,No_Third_Use,1,2,1,1,0,0
1322894.5,8.85,27185.0,0.0,0.0,67.0,1.0,2,0,46,14152.0,1.0,0.9604649519502544,0.0,0.0,NonResidential,Small- and Mid-Sized Office,GREATER DUWAMISH,No_Second_Use,No_Third_Use,2,1,1,1,0,0
452612.5,3.16,20560.0,7200.0,0.0,,1.0,1,0,46,26400.0,1.0,0.7787878787878788,0.2727272727272727,0.0,NonResidential,Other,GREATER DUWAMISH,Non-Refrigerated Warehouse,No_Third_Use,2,1,0,1,0,0
1918665.75,64.81,25000.0,2680.0,0.0,,1.0,1,0,48,27680.0,1.0,0.903179190751445,0.0968208092485549,0.0,NonResidential,Warehouse,GREATER DUWAMISH,Office,No_Third_Use,2,1,0,1,1,0
1853911.875,45.79,23272.0,2600.0,0.0,,1.0,2,0,47,12936.0,1.0,0.8995052566481138,0.10049474335188621,0.0,NonResidential,Small- and Mid-Sized Office,GREATER DUWAMISH,Non-Refrigerated Warehouse,No_Third_Use,2,0,0,1,1,0
2498335.25,81.96,24988.0,0.0,0.0,41.0,1.0,2,0,47,12936.0,1.0,0.9658317872603587,0.0,0.0,NonResidential,Small- and Mid-Sized Office,GREATER DUWAMISH,No_Second_Use,No_Third_Use,2,0,1,1,1,0
558727.875,3.73,21436.0,0.0,0.0,95.0,1.0,2,0,58,10718.0,1.0,1.0,0.0,0.0,NonResidential,Small- and Mid-Sized Office,LAKE UNION,No_Second_Use,No_Third_Use,2,0,1,1,0,0
690322.6875,18.16,7245.0,6644.0,6344.0,,1.0,1,0,18,20233.0,1.0,0.3580783867938516,0.32837443779963427,0.3135471754065141,NonResidential,Mixed Use Property,NORTHEAST,Non-Refrigerated Warehouse,Other,1,0,0,1,1,0
1039085.375,14.49,24335.0,12400.0,2575.0,,1.0,4,12400,10,9981.5,0.6894254370585583,0.6095025797725793,0.31057456294144165,0.06449431448179131,NonResidential,Small- and Mid-Sized Office,LAKE UNION,Parking,Retail Store,0,2,0,1,1,0
1214408.75,28.09,26295.0,12890.0,0.0,94.0,1.0,3,8110,31,10472.333333333334,0.7418595028169462,0.8369672470318618,0.41028742400611135,0.0,NonResidential,Small- and Mid-Sized Office,LAKE UNION,Parking,No_Third_Use,1,1,1,1,1,0
478690.0938,3.34,25920.0,0.0,0.0,5.0,1.0,2,0,100,12960.0,1.0,1.0,0.0,0.0,NonResidential,Retail Store,DOWNTOWN,No_Second_Use,No_Third_Use,3,0,1,1,0,0
1046976.813,13.71,38880.0,0.0,0.0,93.0,1.0,2,0,97,12960.0,1.0,1.5,0.0,0.0,NonResidential,Retail Store,DOWNTOWN,No_Second_Use,No_Third_Use,3,0,1,1,1,0
1945839.625,46.48,23995.0,0.0,0.0,75.0,1.0,2,0,97,12960.0,1.0,0.925733024691358,0.0,0.0,NonResidential,Small- and Mid-Sized Office,DOWNTOWN,No_Second_Use,No_Third_Use,3,0,1,1,1,0
2741556.25,149.91,39760.0,0.0,0.0,92.0,1.0,4,0,91,9940.0,1.0,1.0,0.0,0.0,NonResidential,Small- and Mid-Sized Office,EAST,No_Second_Use,No_Third_Use,3,2,1,1,1,1
2974354.25,94.85,30971.0,0.0,0.0,,1.0,3,0,96,10323.666666666666,1.0,1.0,0.0,0.0,NonResidential,Other,EAST,No_Second_Use,No_Third_Use,3,1,0,1,1,1
2339649.75,60.88,18740.0,13660.0,1440.0,,1.0,2,0,89,16920.0,1.0,0.5537825059101655,0.4036643026004728,0.0425531914893617,NonResidential,Warehouse,LAKE UNION,Office,Retail Store,3,1,0,1,1,0
4288601.5,110.17,14273.0,14128.0,9680.0,,5.0,3,9226,15,13942.333333333334,0.7794247734716809,0.34123891266406864,0.3377722523728692,0.2314294594400746,NonResidential,Mixed Use Property,LAKE UNION,Office,Parking,0,2,0,1,1,0
1291405.25,9.0,15908.0,8762.0,1500.0,79.0,1.0,5,6010,15,6748.0,0.8218731475992886,0.4714878482513337,0.25969176052163606,0.04445761707172496,NonResidential,Small- and Mid-Sized Office,LAKE UNION,Retail Store,Parking,0,1,1,1,0,0
1109483.125,42.04,10155.0,8000.0,0.0,98.0,1.0,2,0,105,10258.0,1.0,0.4949795281731332,0.38993955936829794,0.0,NonResidential,Retail Store,LAKE UNION,Hotel,No_Third_Use,3,0,1,1,1,0
1215156.25,8.47,22218.0,8668.0,0.0,88.0,1.0,3,0,110,9160.0,1.0,0.8085152838427948,0.315429403202329,0.0,NonResidential,Retail Store,LAKE UNION,Office,No_Third_Use,3,1,1,1,0,0
1818867.875,30.32,40313.0,33976.0,4579.0,95.0,1.0,1,0,69,46958.0,1.0,0.8584905660377359,0.7235401848460327,0.09751267089739768,NonResidential,Mixed Use Property,LAKE UNION,Parking,Bar/Nightclub,3,2,1,1,1,0
2261229.0,66.53,26532.0,0.0,0.0,5.0,1.0,1,0,32,26532.0,1.0,1.0,0.0,0.0,NonResidential,Distribution Center,LAKE UNION,No_Second_Use,No_Third_Use,1,1,1,1,1,0
605182.6875,9.46,19600.0,2788.0,0.0,,1.0,2,0,35,11194.0,1.0,0.87546900125067,0.12453099874933,0.0,NonResidential,Small- and Mid-Sized Office,LAKE UNION,Multifamily Housing,No_Third_Use,1,0,0,1,1,0
3269018.5,73.52,30730.0,0.0,0.0,,1.0,1,0,47,30730.0,1.0,1.0,0.0,0.0,NonResidential,Other,LAKE UNION,No_Second_Use,No_Third_Use,2,1,0,1,1,0
2195095.5,18.34,36839.0,0.0,0.0,47.0,1.0,2,0,30,17800.0,1.0,1.034803370786517,0.0,0.0,NonResidential,Small- and Mid-Sized Office,LAKE UNION,Parking,No_Third_Use,1,1,1,1,1,0
2158433.5,82.34,57200.0,5000.0,0.0,81.0,1.0,3,0,67,20666.666666666668,1.0,0.9225806451612903,0.08064516129032258,0.0,NonResidential,Worship Facility,MAGNOLIA / QUEEN ANNE,Other,No_Third_Use,3,3,1,1,1,0
839316.3125,5.41,23600.0,0.0,0.0,82.0,1.0,2,0,35,11800.0,1.0,1.0,0.0,0.0,NonResidential,Small- and Mid-Sized Office,MAGNOLIA / QUEEN ANNE,No_Second_Use,No_Third_Use,1,0,1,1,0,0
2303732.75,16.06,40067.0,0.0,0.0,43.0,1.0,3,0,30,13355.666666666666,1.0,1.0,0.0,0.0,NonResidential,Small- and Mid-Sized Office,MAGNOLIA / QUEEN ANNE,No_Second_Use,No_Third_Use,1,2,1,1,0,0
1074989.0,7.49,26419.0,0.0,0.0,67.0,1.0,3,6922,27,8806.333333333334,0.7379915969567357,1.0,0.0,0.0,NonResidential,Small- and Mid-Sized Office,MAGNOLIA / QUEEN ANNE,No_Second_Use,No_Third_Use,1,1,1,1,0,0
1508578.25,23.85,25262.0,0.0,0.0,54.0,1.0,3,0,37,8420.666666666666,1.0,1.0,0.0,0.0,NonResidential,Small- and Mid-Sized Office,MAGNOLIA / QUEEN ANNE,No_Second_Use,No_Third_Use,2,0,1,1,1,0
1785202.125,11.29,32739.0,0.0,0.0,57.0,1.0,3,0,36,11368.666666666666,1.0,0.959919075822436,0.0,0.0,NonResidential,Small- and Mid-Sized Office,MAGNOLIA / QUEEN ANNE,No_Second_Use,No_Third_Use,1,1,1,1,0,0
2313978.75,16.13,34545.0,0.0,0.0,29.0,1.0,3,0,36,11515.0,1.0,1.0,0.0,0.0,NonResidential,Small- and Mid-Sized Office,MAGNOLIA / QUEEN ANNE,No_Second_Use,No_Third_Use,1,1,1,1,0,0
3018885.75,19.39,70296.0,0.0,0.0,86.0,1.0,3,0,36,23432.0,1.0,1.0,0.0,0.0,NonResidential,Small- and Mid-Sized Office,MAGNOLIA / QUEEN ANNE,No_Second_Use,No_Third_Use,1,3,1,1,0,0
1265151.625,8.49,27838.0,0.0,0.0,77.0,1.0,4,0,114,6959.5,1.0,1.0,0.0,0.0,NonResidential,Small- and Mid-Sized Office,DOWNTOWN,No_Second_Use,No_Third_Use,3,1,1,1,0,0
1931830.75,30.02,35300.0,9408.0,0.0,,2.0,2,0,45,14184.0,1.0,1.2443598420755781,0.3316412859560068,0.0,NonResidential,Distribution Center,DELRIDGE,Office,No_Third_Use,2,1,0,1,1,0
5368434.5,127.1,92129.0,0.0,0.0,,1.0,2,0,52,46040.0,1.0,1.0005321459600347,0.0,0.0,NonResidential,Other,NORTHWEST,No_Second_Use,No_Third_Use,2,3,0,1,1,0
2089365.125,49.58,20236.0,0.0,0.0,,1.0,1,0,55,20236.0,1.0,1.0,0.0,0.0,NonResidential,Other,NORTHWEST,No_Second_Use,No_Third_Use,2,0,0,1,1,0
2158188.5,40.22,27118.0,12697.0,0.0,62.0,1.0,2,0,65,19907.5,1.0,0.6811000879065678,0.3188999120934321,0.0,NonResidential,Small- and Mid-Sized Office,NORTHWEST,Non-Refrigerated Warehouse,No_Third_Use,2,2,1,1,1,0
2280352.5,15.9,25557.0,0.0,0.0,,1.0,4,0,46,6389.25,1.0,1.0,0.0,0.0,Nonresidential COS,Other,NORTHWEST,No_Second_Use,No_Third_Use,2,0,0,1,0,0
3320817.0,122.73,16243.0,10751.0,0.0,,1.0,2,0,58,13497.0,1.0,0.6017263095502704,0.39827369044972954,0.0,Nonresidential COS,Other,NORTHWEST,Office,No_Third_Use,2,1,0,1,1,0
1463960.0,10.36,48112.0,0.0,0.0,73.0,1.0,1,0,44,48112.0,1.0,1.0,0.0,0.0,NonResidential,Warehouse,NORTHWEST,No_Second_Use,No_Third_Use,2,2,1,1,0,0
1296995.0,32.86,19050.0,0.0,0.0,,1.0,1,0,7,20909.0,1.0,0.9110909177865991,0.0,0.0,NonResidential,Other,NORTHWEST,Parking,No_Third_Use,0,0,0,1,1,0
1871245.75,12.35,26275.0,16518.0,0.0,27.0,1.0,2,16518,15,21396.5,0.6140022900941743,0.6140022900941743,0.3859977099058257,0.0,NonResidential,Small- and Mid-Sized Office,NORTHWEST,Parking,No_Third_Use,0,2,1,1,0,0
6104259.5,176.79,45000.0,0.0,0.0,,1.0,2,0,9,22500.0,1.0,1.0,0.0,0.0,NonResidential,Other,NORTHWEST,No_Second_Use,No_Third_Use,0,2,0,1,1,0
1760626.0,36.74,26115.0,0.0,0.0,43.0,1.0,1,0,18,26115.0,1.0,1.0,0.0,0.0,NonResidential,Retail Store,NORTHWEST,No_Second_Use,No_Third_Use,1,0,1,1,1,0
1343672.875,45.33,30044.0,0.0,0.0,78.0,1.0,1,0,67,26033.0,1.0,1.1540736757192793,0.0,0.0,NonResidential,Worship Facility,NORTHEAST,Parking,No_Third_Use,3,0,1,1,1,0
2115259.0,61.98,49468.0,0.0,0.0,82.0,1.0,4,0,9,12165.0,1.0,1.0166050143855323,0.0,0.0,NonResidential,K-12 School,MAGNOLIA / QUEEN ANNE,No_Second_Use,No_Third_Use,0,2,1,1,1,0
5589312.5,180.38,46539.0,0.0,0.0,73.0,1.0,2,0,46,23269.5,1.0,1.0,0.0,0.0,NonResidential,Senior Care Community,MAGNOLIA / QUEEN ANNE,No_Second_Use,No_Third_Use,2,2,1,1,1,0
2309752.75,79.58,29796.0,0.0,0.0,47.0,1.0,4,0,107,7449.0,1.0,1.0,0.0,0.0,NonResidential,Residence Hall,DOWNTOWN,No_Second_Use,No_Third_Use,3,1,1,1,1,0
1013921.625,17.12,14428.0,7200.0,2788.0,36.0,1.0,2,0,96,13200.0,1.0,0.5465151515151515,0.2727272727272727,0.1056060606060606,NonResidential,Retail Store,DOWNTOWN,Office,Parking,3,1,1,1,1,0
1262255.75,8.8,37853.0,12495.0,0.0,98.0,1.0,3,0,98,12716.0,1.0,0.9922669602600398,0.32754010695187163,0.0,NonResidential,Small- and Mid-Sized Office,DOWNTOWN,Retail Store,No_Third_Use,3,1,1,1,0,0
521523.1875,12.77,14400.0,14400.0,0.0,,1.0,2,0,88,14400.0,1.0,0.5,0.5,0.0,NonResidential,Mixed Use Property,LAKE UNION,Office,No_Third_Use,3,1,0,1,1,0
1806468.0,12.59,31945.0,0.0,0.0,4.0,1.0,5,0,61,6389.0,1.0,1.0,0.0,0.0,NonResidential,Worship Facility,MAGNOLIA / QUEEN ANNE,Parking,No_Third_Use,2,1,1,1,0,0
4480961.0,31.24,52908.0,33055.0,0.0,43.0,1.0,5,33055,31,17192.6,0.6154740993218012,0.6154740993218012,0.38452590067819875,0.0,NonResidential,Small- and Mid-Sized Office,MAGNOLIA / QUEEN ANNE,Parking,No_Third_Use,1,3,1,1,0,0
1259828.25,26.38,34680.0,0.0,0.0,92.0,1.0,4,0,116,8670.0,1.0,1.0,0.0,0.0,NonResidential,Retail Store,DOWNTOWN,No_Second_Use,No_Third_Use,3,1,1,1,1,0
6207115.5,247.97,75058.0,0.0,0.0,24.0,1.0,3,34510,48,25019.333333333332,0.540222228143569,1.0,0.0,0.0,NonResidential,Worship Facility,DOWNTOWN,No_Second_Use,No_Third_Use,2,3,1,1,1,0
2147472.5,20.76,16200.0,0.0,0.0,2.0,1.0,1,0,101,36504.0,1.0,0.4437869822485207,0.0,0.0,NonResidential,Retail Store,DOWNTOWN,No_Second_Use,No_Third_Use,3,1,1,1,1,0
2998208.25,20.9,35200.0,0.0,0.0,8.0,1.0,6,0,109,5866.666666666667,1.0,1.0,0.0,0.0,NonResidential,Small- and Mid-Sized Office,DOWNTOWN,No_Second_Use,No_Third_Use,3,1,1,1,0,0
1724638.75,48.35,35840.0,0.0,0.0,83.0,1.0,5,0,109,7168.0,1.0,1.0,0.0,0.0,NonResidential,Small- and Mid-Sized Office,DOWNTOWN,No_Second_Use,No_Third_Use,3,1,1,1,1,0
1356947.75,9.3,23230.0,0.0,0.0,60.0,1.0,2,0,75,12960.0,1.0,0.8962191358024691,0.0,0.0,NonResidential,Other,DOWNTOWN,No_Second_Use,No_Third_Use,3,0,1,1,0,0
2991557.25,73.61,15609.0,6104.0,0.0,17.0,1.0,4,0,88,7631.25,1.0,0.5113513513513513,0.19996723996723997,0.0,NonResidential,Small- and Mid-Sized Office,DOWNTOWN,Retail Store,No_Third_Use,3,1,1,1,0,1
8491346.0,101.34,52284.0,0.0,0.0,,1.0,4,0,52,12310.75,1.0,1.0617549702495785,0.0,0.0,NonResidential,Other,EAST,No_Second_Use,No_Third_Use,2,2,0,1,1,0
3129807.0,85.55,21571.0,0.0,0.0,2.0,1.0,2,10285,54,15427.5,0.6666666666666666,0.699108734402852,0.0,0.0,NonResidential,Medical Office,EAST,No_Second_Use,No_Third_Use,2,1,1,1,1,0
3209164.5,107.45,41632.0,31917.0,0.0,90.0,1.0,3,0,106,24516.333333333332,1.0,0.5660444057703028,0.4339555942296972,0.0,NonResidential,Small- and Mid-Sized Office,EAST,Worship Facility,No_Third_Use,3,3,1,1,1,0
1255324.0,55.61,35886.0,1184.0,436.0,,1.0,3,0,100,12679.333333333334,1.0,0.943424996056575,0.03112676796887323,0.011462221988537778,NonResidential,Other,EAST,Office,Food Service,3,1,0,1,0,1
2769792.0,123.41,53000.0,17600.0,0.0,55.0,1.0,3,0,54,12598.666666666666,1.0,1.4022647899248597,0.46565774155995343,0.0,NonResidential,Worship Facility,EAST,Parking,No_Third_Use,2,1,1,1,1,1
5355753.0,37.34,18380.0,6060.0,3304.0,,1.0,1,0,23,27744.0,1.0,0.6624855824682814,0.21842560553633217,0.11908881199538639,Nonresidential COS,Small- and Mid-Sized Office,Ballard,Other,Data Center,1,1,0,1,0,0
1054377.75,31.61,27553.0,0.0,0.0,63.0,1.0,1,0,66,27553.0,1.0,1.0,0.0,0.0,NonResidential,Warehouse,BALLARD,No_Second_Use,No_Third_Use,2,1,1,1,1,0
1395637.75,34.87,57310.0,0.0,0.0,,3.0,1,0,65,57310.0,1.0,1.0,0.0,0.0,NonResidential,Distribution Center,BALLARD,No_Second_Use,No_Third_Use,2,2,0,1,1,0
1071271.0,16.57,10109.0,7016.0,3609.0,,1.0,2,0,96,12960.0,1.0,0.3900077160493827,0.27067901234567904,0.13923611111111112,NonResidential,Mixed Use Property,LAKE UNION,Other - Services,Restaurant,3,0,0,1,1,0
2188575.25,73.0,40686.0,0.0,0.0,,1.0,3,0,97,13562.0,1.0,1.0,0.0,0.0,NonResidential,Restaurant,LAKE UNION,No_Second_Use,No_Third_Use,3,2,0,1,1,0
2912179.5,82.72,45271.0,0.0,0.0,57.0,1.0,2,0,52,22635.5,1.0,1.0,0.0,0.0,NonResidential,Retail Store,LAKE UNION,No_Second_Use,No_Third_Use,2,2,1,1,1,0
1503529.375,35.77,28380.0,0.0,0.0,62.0,1.0,3,12180,96,9460.0,0.5708245243128964,1.0,0.0,0.0,NonResidential,Small- and Mid-Sized Office,LAKE UNION,No_Second_Use,No_Third_Use,3,1,1,1,1,0
28053172.0,487.53,329850.0,162894.0,11846.0,77.0,1.0,5,0,7,101632.0,1.0,0.649106580604534,0.3205565176322418,0.02331155541561713,NonResidential,Large Office,LAKE UNION,Parking,Food Service,0,4,1,1,1,0
1074761.125,32.09,23730.0,0.0,0.0,95.0,1.0,3,0,90,8725.333333333334,1.0,0.9065556234718827,0.0,0.0,NonResidential,Small- and Mid-Sized Office,LAKE UNION,No_Second_Use,No_Third_Use,3,0,1,1,1,0
7419337.0,73.48,37481.0,0.0,0.0,1.0,1.0,1,0,90,37740.0,1.0,0.9931372549019608,0.0,0.0,NonResidential,Small- and Mid-Sized Office,LAKE UNION,Parking,No_Third_Use,3,1,1,1,1,0
789925.875,20.64,23241.0,0.0,0.0,66.0,1.0,3,0,7,7747.0,1.0,1.0,0.0,0.0,NonResidential,Worship Facility,MAGNOLIA / QUEEN ANNE,No_Second_Use,No_Third_Use,0,0,1,1,1,0
18847708.0,255.83,155795.0,0.0,0.0,,1.0,1,0,54,155795.0,1.0,1.0,0.0,0.0,NonResidential,Other,MAGNOLIA / QUEEN ANNE,No_Second_Use,No_Third_Use,2,4,0,1,1,0
1789470.75,24.62,21018.0,0.0,0.0,,1.0,1,0,14,21018.0,1.0,1.0,0.0,0.0,Nonresidential COS,Other,MAGNOLIA / QUEEN ANNE,No_Second_Use,No_Third_Use,0,0,0,1,0,1
2470816.0,41.06,33000.0,0.0,0.0,,1.0,2,0,24,20300.0,1.0,0.812807881773399,0.0,0.0,Nonresidential COS,Other,MAGNOLIA / QUEEN ANNE,No_Second_Use,No_Third_Use,1,2,0,1,1,1
2040142.0,13.97,38038.0,19600.0,0.0,84.0,1.0,4,0,17,9509.5,1.0,1.0,0.5152741994847257,0.0,NonResidential,Small- and Mid-Sized Office,LAKE UNION,Parking,No_Third_Use,1,1,1,1,0,0
2739358.75,77.8,41591.0,21350.0,0.0,92.0,1.0,4,24596,9,16149.0,0.6192333890643383,0.6438633971143725,0.3305158214130906,0.0,NonResidential,Small- and Mid-Sized Office,LAKE UNION,Parking,No_Third_Use,0,3,1,1,1,0
7429423.0,86.51,120548.0,88960.0,5436.0,92.0,1.0,6,100800,3,21785.0,0.22882717466146432,0.9222553744931528,0.6805906204575013,0.041588248795042464,NonResidential,Large Office,LAKE UNION,Parking,Bank Branch,0,3,1,1,1,0
1979164.25,13.33,22341.0,8214.0,5225.0,77.0,1.0,4,0,90,8945.0,1.0,0.6243991056456121,0.2295695919508105,0.14603130240357742,NonResidential,Small- and Mid-Sized Office,LAKE UNION,Retail Store,Parking,3,1,1,1,0,0
585965.6875,3.94,8061.0,8000.0,2095.0,41.0,1.0,4,7308,52,6283.0,0.709215342989018,0.32074645869807417,0.31831927423205475,0.08335985993951933,NonResidential,Mixed Use Property,MAGNOLIA / QUEEN ANNE,Parking,Restaurant,2,0,1,1,0,0
2890473.75,119.34,49680.0,0.0,0.0,,1.0,1,0,50,49680.0,1.0,1.0,0.0,0.0,Nonresidential COS,Other,DOWNTOWN,No_Second_Use,No_Third_Use,2,2,0,1,0,1
1882952.875,44.33,36314.0,0.0,0.0,,1.0,1,0,54,36314.0,1.0,1.0,0.0,0.0,Nonresidential COS,Other,DOWNTOWN,No_Second_Use,No_Third_Use,2,1,0,1,1,1
1230670.25,8.77,11888.0,4329.0,4029.0,,1.0,2,0,100,12960.0,1.0,0.458641975308642,0.16701388888888888,0.1554398148148148,NonResidential,Other,DOWNTOWN,Restaurant,Retail Store,3,0,0,1,0,0
2223121.25,77.48,25500.0,8500.0,0.0,72.0,1.0,4,0,97,11921.5,1.0,0.5347481441093822,0.17824938136979407,0.0,NonResidential,Small- and Mid-Sized Office,DOWNTOWN,Retail Store,No_Third_Use,3,2,1,1,0,1
5469793.5,98.28,15614.0,9240.0,8199.0,,1.0,2,0,116,24640.0,1.0,0.31684253246753247,0.1875,0.1663758116883117,Campus,Mixed Use Property,DOWNTOWN,Restaurant,Social/Meeting Hall,3,2,0,1,1,0
3778355.0,26.34,22669.0,10455.0,3668.0,,1.0,4,0,74,11375.0,1.0,0.4982197802197802,0.22978021978021979,0.08061538461538462,Campus,Low-Rise Multifamily,DOWNTOWN,Retail Store,Restaurant,3,2,0,1,0,0
2877728.5,44.89,20895.0,16260.0,3560.0,,1.0,6,0,101,6785.833333333333,1.0,0.5132015227803021,0.3993614147120226,0.0874370625076753,NonResidential,Small- and Mid-Sized Office,DOWNTOWN,Retail Store,Non-Refrigerated Warehouse,3,2,0,1,1,0
1818635.25,11.97,36036.0,27594.0,13945.0,91.0,1.0,4,34800,26,20516.25,0.5759458965454213,0.439115335404862,0.33624565892889785,0.16992627795040516,NonResidential,Mixed Use Property,DOWNTOWN,Office,Retail Store,1,3,1,1,0,0
1921962.0,12.98,36160.0,0.0,0.0,47.0,1.0,4,0,106,9040.0,1.0,1.0,0.0,0.0,NonResidential,Small- and Mid-Sized Office,DOWNTOWN,No_Second_Use,No_Third_Use,3,1,1,1,0,0
5123179.0,143.34,6455.0,5813.0,5581.0,,1.0,1,0,98,34617.0,1.0,0.1864690758875697,0.1679232746916255,0.16122136522517838,NonResidential,Mixed Use Property,DOWNTOWN,Office,Manufacturing/Industrial Plant,3,1,0,1,1,0
1634178.25,14.13,68048.0,0.0,0.0,100.0,1.0,5,0,107,13380.0,1.0,1.0171599402092675,0.0,0.0,NonResidential,Small- and Mid-Sized Office,DOWNTOWN,No_Second_Use,No_Third_Use,3,3,1,1,1,0
2370772.25,75.99,12714.0,11592.0,2836.0,,1.0,3,0,106,9780.0,1.0,0.43333333333333335,0.3950920245398773,0.09665985003408316,NonResidential,Mixed Use Property,DOWNTOWN,Multifamily Housing,Restaurant,3,1,0,1,1,0
3205182.5,22.46,36959.0,13540.0,0.0,13.0,1.0,3,13540,16,16833.0,0.7318758787302719,0.7318758787302719,0.2681241212697281,0.0,NonResidential,Small- and Mid-Sized Office,LAKE UNION,Parking,No_Third_Use,0,2,1,1,1,0
3658985.5,41.22,57972.0,0.0,0.0,68.0,1.0,5,9605,52,10893.0,0.8236482144496465,1.0643899752134398,0.0,0.0,NonResidential,Small- and Mid-Sized Office,LAKE UNION,Parking,No_Third_Use,2,2,1,1,1,0
4711474.0,182.81,45960.0,0.0,0.0,56.0,1.0,2,0,86,22980.0,1.0,1.0,0.0,0.0,NonResidential,K-12 School,EAST,No_Second_Use,No_Third_Use,3,2,1,1,1,0
436604.0938,3.04,21128.0,0.0,0.0,97.0,1.0,2,0,57,10564.0,1.0,1.0,0.0,0.0,NonResidential,Small- and Mid-Sized Office,LAKE UNION,No_Second_Use,No_Third_Use,2,0,1,1,0,0
9512996.0,220.26,108763.0,105499.0,58152.0,,1.0,4,0,8,68610.5,1.0,0.3963059590004445,0.38441273565999373,0.21189176583759045,NonResidential,Mixed Use Property,LAKE UNION,Parking,Multifamily Housing,0,4,0,1,1,0
1539066.375,10.73,54150.0,650.0,0.0,,1.0,3,0,3,17184.0,1.0,1.0503957169459963,0.01260862818125388,0.0,NonResidential,Small- and Mid-Sized Office,LAKE UNION,Data Center,No_Third_Use,0,2,0,1,0,0
2874815.0,75.25,38500.0,0.0,0.0,37.0,1.0,4,0,57,9630.0,1.0,0.9994807892004154,0.0,0.0,NonResidential,Hotel,LAKE UNION,No_Second_Use,No_Third_Use,2,1,1,1,1,0
867184.375,30.22,19000.0,0.0,0.0,95.0,1.0,3,4256,55,9728.666666666666,0.8541766600424862,0.6509970533817584,0.0,0.0,NonResidential,Hotel,LAKE UNION,No_Second_Use,No_Third_Use,2,1,1,1,1,0
682542.8125,4.05,27338.0,0.0,0.0,56.0,1.0,1,0,56,27338.0,1.0,1.0,0.0,0.0,NonResidential,Worship Facility,LAKE UNION,No_Second_Use,No_Third_Use,2,1,1,1,0,0
2278550.5,77.76,65000.0,20000.0,0.0,,1.0,2,65640,17,42875.0,0.2345189504373178,0.7580174927113703,0.23323615160349853,0.0,NonResidential,Other,EAST,K-12 School,No_Third_Use,1,3,0,1,1,0
3034554.5,115.43,45864.0,0.0,0.0,94.0,1.0,3,0,86,15288.0,1.0,1.0,0.0,0.0,NonResidential,Small- and Mid-Sized Office,MAGNOLIA / QUEEN ANNE,No_Second_Use,No_Third_Use,3,2,1,1,1,0
3870672.5,104.91,61099.0,0.0,0.0,23.0,1.0,2,0,17,24626.0,1.0,1.2405384552911556,0.0,0.0,NonResidential,K-12 School,NORTHWEST,No_Second_Use,No_Third_Use,1,2,1,1,1,0
1513388.25,35.96,33176.0,15000.0,0.0,89.0,1.0,3,0,29,11058.666666666666,1.0,1.0,0.452134072823728,0.0,NonResidential,Small- and Mid-Sized Office,LAKE UNION,Parking,No_Third_Use,1,1,1,1,1,0
1980961.25,55.95,10751.0,8044.0,2635.0,,1.0,3,3764,23,8398.0,0.8505993490513615,0.42672858617131065,0.3192823688179725,0.10458839406207827,NonResidential,Retail Store,LAKE UNION,Medical Office,Office,1,0,0,1,1,0
6014124.0,167.98,30095.0,1096.0,0.0,,1.0,3,0,89,10397.0,1.0,0.9648616588118367,0.03513834118816325,0.0,NonResidential,Other,EAST,Self-Storage Facility,No_Third_Use,3,1,0,1,1,0
3515178.25,111.73,31303.0,3468.0,840.0,,1.0,1,0,69,37377.0,1.0,0.8374936458249725,0.09278433261096396,0.022473713781202345,NonResidential,Other,NORTH,Retail Store,Office,3,1,0,1,1,0
878933.3125,5.97,16768.0,6837.0,5775.0,33.0,1.0,1,0,39,29380.0,1.0,0.5707283866575902,0.23270932607215794,0.19656228727025188,NonResidential,Warehouse,GREATER DUWAMISH,Office,Other,2,1,1,1,0,0
391818.4063,7.07,22688.0,0.0,0.0,87.0,1.0,2,0,94,11344.0,1.0,1.0,0.0,0.0,NonResidential,Worship Facility,EAST,No_Second_Use,No_Third_Use,3,0,1,1,1,0
1625774.5,54.44,22364.0,0.0,0.0,,1.0,2,0,54,11182.0,1.0,1.0,0.0,0.0,NonResidential,Other,SOUTHEAST,Parking,No_Third_Use,2,0,0,1,1,0
2001403.875,13.27,40738.0,0.0,0.0,84.0,1.0,2,0,34,20631.0,1.0,0.9873006640492463,0.0,0.0,NonResidential,Small- and Mid-Sized Office,GREATER DUWAMISH,No_Second_Use,No_Third_Use,1,2,1,1,0,0
7588115.5,92.45,26580.0,11497.0,0.0,,1.0,2,0,63,21591.5,1.0,0.6155199962948382,0.2662390292476206,0.0,NonResidential,Small- and Mid-Sized Office,LAKE UNION,Data Center,No_Third_Use,2,2,0,1,1,0
2394061.75,86.81,45680.0,0.0,0.0,79.0,1.0,3,0,108,15226.666666666666,1.0,1.0,0.0,0.0,NonResidential,Worship Facility,NORTH,No_Second_Use,No_Third_Use,3,2,1,1,1,0
39120828.0,913.07,726000.0,0.0,0.0,8.0,1.0,14,0,10,51724.857142857145,1.0,1.0025574882482586,0.0,0.0,NonResidential,Senior Care Community,LAKE UNION,No_Second_Use,No_Third_Use,0,4,1,1,1,0
531737.1875,3.71,18278.0,15212.0,0.0,96.0,1.0,1,0,59,23562.0,1.0,0.775740599270011,0.6456158220864103,0.0,NonResidential,Worship Facility,SOUTHWEST,Office,No_Third_Use,2,0,1,1,0,0
973080.1875,6.35,10292.0,10200.0,0.0,,1.0,4,0,17,7211.0,1.0,0.3568159755928443,0.3536264041048398,0.0,NonResidential,Small- and Mid-Sized Office,Ballard,Other,No_Third_Use,1,1,0,1,0,0
819493.125,27.97,18373.0,2728.0,0.0,,1.0,1,0,27,21101.0,1.0,0.8707170276290224,0.1292829723709777,0.0,NonResidential,Warehouse,GREATER DUWAMISH,Office,No_Third_Use,1,0,0,1,1,0
1329148.25,9.42,45594.0,0.0,0.0,75.0,1.0,2,0,102,22797.0,1.0,1.0,0.0,0.0,NonResidential,Refrigerated Warehouse,GREATER DUWAMISH,No_Second_Use,No_Third_Use,3,2,1,1,0,0
2241280.5,15.62,26660.0,0.0,0.0,,1.0,1,0,66,26660.0,1.0,1.0,0.0,0.0,NonResidential,Other,GREATER DUWAMISH,No_Second_Use,No_Third_Use,2,1,0,1,0,0
966168.625,18.63,21780.0,6346.0,0.0,44.0,1.0,1,0,41,28126.0,1.0,0.7743724667567375,0.22562753324326246,0.0,NonResidential,Warehouse,GREATER DUWAMISH,Office,No_Third_Use,2,1,1,1,1,0
1322416.75,26.55,26150.0,0.0,0.0,6.0,1.0,1,0,54,26150.0,1.0,1.0,0.0,0.0,NonResidential,Warehouse,GREATER DUWAMISH,No_Second_Use,No_Third_Use,2,0,1,1,1,0
1148448.75,7.59,24000.0,0.0,0.0,73.0,1.0,2,0,49,12000.0,1.0,1.0,0.0,0.0,NonResidential,Small- and Mid-Sized Office,GREATER DUWAMISH,No_Second_Use,No_Third_Use,2,0,1,1,0,0
2699616.0,73.26,40809.0,0.0,0.0,38.0,1.0,5,0,48,8718.8,1.0,0.9361150617057393,0.0,0.0,NonResidential,K-12 School,EAST,No_Second_Use,No_Third_Use,2,2,1,1,1,0
892651.125,18.54,25580.0,2500.0,0.0,,1.0,1,0,104,28080.0,1.0,0.9109686609686609,0.08903133903133903,0.0,NonResidential,Distribution Center,LAKE UNION,Office,No_Third_Use,3,1,0,1,1,0
5847878.5,203.73,51298.0,0.0,0.0,85.0,1.0,2,0,62,25649.0,1.0,1.0,0.0,0.0,NonResidential,Senior Care Community,NORTHWEST,No_Second_Use,No_Third_Use,2,2,1,1,1,0
3731853.25,103.28,31600.0,0.0,0.0,3.0,1.0,1,0,37,31600.0,1.0,1.0,0.0,0.0,NonResidential,Warehouse,GREATER DUWAMISH,No_Second_Use,No_Third_Use,2,1,1,1,1,0
1010737.813,23.9,35289.0,0.0,0.0,63.0,1.0,1,0,9,35289.0,1.0,1.0,0.0,0.0,NonResidential,Warehouse,GREATER DUWAMISH,No_Second_Use,No_Third_Use,0,1,1,1,1,0
2053772.75,80.09,30000.0,0.0,0.0,50.0,1.0,1,0,35,28920.0,1.0,1.037344398340249,0.0,0.0,NonResidential,Warehouse,GREATER DUWAMISH,No_Second_Use,No_Third_Use,1,1,1,1,1,0
746905.625,32.77,22176.0,0.0,0.0,60.0,1.0,1,0,38,22176.0,1.0,1.0,0.0,0.0,NonResidential,Warehouse,GREATER DUWAMISH,No_Second_Use,No_Third_Use,2,0,1,1,1,0
3832168.5,24.88,39541.0,0.0,0.0,38.0,1.0,3,0,42,13309.0,1.0,0.9903323565507051,0.0,0.0,NonResidential,Small- and Mid-Sized Office,NORTH,Parking,No_Third_Use,2,2,1,1,0,0
4513728.0,135.81,23320.0,7290.0,0.0,,1.0,1,0,37,30610.0,1.0,0.761842535119242,0.23815746488075792,0.0,NonResidential,Other,NORTH,Office,No_Third_Use,2,1,0,1,1,0
1002995.0,6.99,26930.0,0.0,0.0,64.0,1.0,2,6350,36,13465.0,0.7642034905310063,1.0,0.0,0.0,NonResidential,Medical Office,NORTH,No_Second_Use,No_Third_Use,1,1,1,1,0,0
3073612.0,49.62,65069.0,0.0,0.0,76.0,1.0,2,0,48,19372.5,1.0,1.6794166989288941,0.0,0.0,NonResidential,Medical Office,NORTH,Parking,No_Third_Use,2,2,1,1,1,0
855665.125,5.97,20296.0,0.0,0.0,,1.0,2,0,57,10148.0,1.0,1.0,0.0,0.0,NonResidential,Self-Storage Facility,NORTHEAST,No_Second_Use,No_Third_Use,2,0,0,1,0,0
1365716.125,27.41,10388.0,8116.0,3200.0,,1.0,2,0,71,11067.5,1.0,0.46930201039078384,0.36665913711316916,0.14456742715156992,NonResidential,Mixed Use Property,NORTHEAST,Office,Retail Store,3,0,0,1,1,0
1807593.875,53.73,35066.0,3312.0,0.0,86.0,1.0,3,0,49,12792.666666666666,1.0,0.9137005576111313,0.08629944238886862,0.0,NonResidential,Medical Office,NORTHEAST,Parking,No_Third_Use,2,1,1,1,1,0
1466199.875,49.73,33576.0,0.0,0.0,64.0,1.0,2,0,36,16788.0,1.0,1.0,0.0,0.0,NonResidential,Warehouse,NORTHEAST,No_Second_Use,No_Third_Use,1,1,1,1,1,0
729397.1875,5.08,23483.0,10360.0,8509.0,,1.0,1,0,35,20971.0,1.0,1.1197844642601689,0.49401554527681085,0.4057507987220447,NonResidential,Other,EAST,Retail Store,Medical Office,1,0,0,1,0,0
910117.6875,15.11,20000.0,3910.0,0.0,,1.0,3,0,89,7970.0,1.0,0.8364700961940611,0.16352990380593893,0.0,NonResidential,Small- and Mid-Sized Office,MAGNOLIA / QUEEN ANNE,Retail Store,No_Third_Use,3,0,0,1,1,0
498909.0,17.38,21765.0,0.0,0.0,80.0,1.0,2,0,106,10882.5,1.0,1.0,0.0,0.0,NonResidential,Worship Facility,BALLARD,No_Second_Use,No_Third_Use,3,0,1,1,1,0
123205560.0,3243.48,1719643.0,318960.0,0.0,,1.0,2,0,77,1100000.0,1.0,0.7816559090909091,0.14498181818181818,0.0,Campus,University,EAST,Parking,No_Third_Use,3,4,0,1,1,0
1831347.125,64.88,26560.0,0.0,0.0,1.0,1.0,2,0,115,13280.0,1.0,1.0,0.0,0.0,NonResidential,Worship Facility,CENTRAL,No_Second_Use,No_Third_Use,3,1,1,1,1,0
6917280.0,215.56,38845.0,6000.0,0.0,82.0,1.0,2,0,24,19422.5,1.0,1.0,0.15446003346634057,0.0,NonResidential,Retail Store,GREATER DUWAMISH,Parking,No_Third_Use,1,2,1,1,1,0
1430417.125,55.3,25500.0,0.0,0.0,98.0,1.0,1,0,49,25500.0,1.0,1.0,0.0,0.0,NonResidential,Small- and Mid-Sized Office,GREATER DUWAMISH,No_Second_Use,No_Third_Use,2,0,1,1,1,0
1343671.0,25.09,37524.0,2596.0,0.0,,1.0,1,0,55,41895.0,1.0,0.8956677407805227,0.06196443489676572,0.0,NonResidential,Warehouse,GREATER DUWAMISH,Office,No_Third_Use,2,2,0,1,1,0
2580058.5,46.9,56193.0,0.0,0.0,,1.0,2,0,58,28096.5,1.0,1.0,0.0,0.0,NonResidential,Retail Store,GREATER DUWAMISH,No_Second_Use,No_Third_Use,2,2,0,1,1,0
1632148.75,60.34,35448.0,0.0,0.0,97.0,1.0,3,0,94,11816.0,1.0,1.0,0.0,0.0,NonResidential,K-12 School,BALLARD,No_Second_Use,No_Third_Use,3,1,1,1,1,0
1527101.375,45.38,29880.0,4700.0,0.0,,1.0,1,0,55,32000.0,1.0,0.93375,0.146875,0.0,NonResidential,Other,BALLARD,Office,No_Third_Use,2,1,0,1,1,0
1111093.0,38.86,14840.0,9400.0,6900.0,,1.0,2,0,106,15570.0,1.0,0.4765574823378292,0.3018625561978163,0.22157996146435452,NonResidential,Mixed Use Property,BALLARD,Retail Store,Non-Refrigerated Warehouse,3,1,0,1,1,0
3287502.0,78.22,31932.0,9546.0,0.0,3.0,1.0,3,0,41,13826.0,1.0,0.7698538984521915,0.23014610154780848,0.0,NonResidential,Warehouse,BALLARD,Office,No_Third_Use,2,2,1,1,1,0
774360.0,5.24,39840.0,0.0,0.0,2.0,1.0,1,0,36,39840.0,1.0,1.0,0.0,0.0,NonResidential,Warehouse,BALLARD,No_Second_Use,No_Third_Use,1,2,1,1,0,0
1642173.75,38.52,15000.0,3100.0,0.0,,1.0,1,15576,12,30576.0,0.49058084772370486,0.49058084772370486,0.10138670852956568,0.0,Nonresidential COS,Other,BALLARD,Other - Services,No_Third_Use,0,1,0,1,1,0
330300.5,6.61,21528.0,0.0,0.0,,1.0,2,0,92,10764.0,1.0,1.0,0.0,0.0,NonResidential,Other,BALLARD,No_Second_Use,No_Third_Use,3,0,0,1,1,0
1115775.5,13.14,25828.0,0.0,0.0,,1.0,2,0,88,15000.0,1.0,0.8609333333333333,0.0,0.0,NonResidential,Other,BALLARD,Parking,No_Third_Use,3,1,0,1,1,0
5205994.5,36.77,30554.0,0.0,0.0,,1.0,2,0,74,15043.5,1.0,1.0155216538704424,0.0,0.0,NonResidential,Other,BALLARD,No_Second_Use,No_Third_Use,3,1,0,1,0,0
911009.375,29.24,40445.0,0.0,0.0,92.0,1.0,1,0,41,40445.0,1.0,1.0,0.0,0.0,NonResidential,Worship Facility,BALLARD,No_Second_Use,No_Third_Use,2,2,1,1,1,0
1149592.0,13.29,23500.0,0.0,0.0,53.0,1.0,1,0,20,23500.0,1.0,1.0,0.0,0.0,NonResidential,Retail Store,BALLARD,No_Second_Use,No_Third_Use,1,0,1,1,1,0
1524765.875,31.79,23067.0,0.0,0.0,82.0,1.0,1,0,49,22420.0,1.0,1.0288581623550401,0.0,0.0,NonResidential,Retail Store,Ballard,No_Second_Use,No_Third_Use,2,0,1,1,1,0
1186733.125,8.42,16766.0,9623.0,0.0,,1.0,3,0,24,8796.333333333334,1.0,0.6353404827769146,0.36465951722308537,0.0,NonResidential,Small- and Mid-Sized Office,MAGNOLIA / QUEEN ANNE,Fitness Center/Health Club/Gym,No_Third_Use,1,1,0,1,0,0
916019.375,14.9,25859.0,4000.0,0.0,88.0,1.0,3,0,34,8619.666666666666,1.0,1.0,0.15468502262268455,0.0,NonResidential,Small- and Mid-Sized Office,MAGNOLIA / QUEEN ANNE,Parking,No_Third_Use,1,0,1,1,1,0
1943594.875,34.26,20600.0,5000.0,0.0,1.0,1.0,1,0,42,25600.0,1.0,0.8046875,0.1953125,0.0,NonResidential,Warehouse,MAGNOLIA / QUEEN ANNE,Office,No_Third_Use,2,0,1,1,1,0
1294615.25,9.03,33385.0,8399.0,0.0,89.0,1.0,4,8399,8,10446.0,0.7989900440359946,0.7989900440359946,0.20100995596400537,0.0,NonResidential,Small- and Mid-Sized Office,MAGNOLIA / QUEEN ANNE,Parking,No_Third_Use,0,2,1,1,0,0
1577967.75,37.49,56884.0,0.0,0.0,71.0,1.0,1,0,56,56884.0,1.0,1.0,0.0,0.0,NonResidential,Warehouse,MAGNOLIA / QUEEN ANNE,No_Second_Use,No_Third_Use,2,2,1,1,1,0
2168833.0,46.44,32810.0,0.0,0.0,66.0,1.0,1,0,27,32810.0,1.0,1.0,0.0,0.0,NonResidential,Retail Store,BALLARD,No_Second_Use,No_Third_Use,1,1,1,1,1,0
688824.0,4.58,20784.0,0.0,0.0,80.0,1.0,2,0,55,10011.0,1.0,1.0380581360503447,0.0,0.0,NonResidential,Small- and Mid-Sized Office,MAGNOLIA / QUEEN ANNE,No_Second_Use,No_Third_Use,2,0,1,1,0,0
602201.625,14.81,18229.0,17200.0,0.0,89.0,1.0,2,0,56,18249.0,1.0,0.49945202476848044,0.47125869910680035,0.0,NonResidential,Distribution Center,MAGNOLIA / QUEEN ANNE,Non-Refrigerated Warehouse,No_Third_Use,2,1,1,1,1,0
503210.6875,11.08,31845.0,4101.0,0.0,,1.0,1,0,48,35946.0,1.0,0.885912201635787,0.11408779836421298,0.0,NonResidential,Distribution Center,MAGNOLIA / QUEEN ANNE,Office,No_Third_Use,2,1,0,1,1,0
845044.125,5.94,25184.0,4968.0,0.0,96.0,1.0,4,5680,9,7538.0,0.8116211196603874,0.8352348102945079,0.16476518970549217,0.0,NonResidential,Small- and Mid-Sized Office,MAGNOLIA / QUEEN ANNE,Parking,No_Third_Use,0,1,1,1,1,0
727385.8125,5.07,21617.0,0.0,0.0,71.0,1.0,4,0,37,5591.25,1.0,0.9665548848647441,0.0,0.0,NonResidential,Small- and Mid-Sized Office,MAGNOLIA / QUEEN ANNE,No_Second_Use,No_Third_Use,2,0,1,1,0,0
967548.3125,6.3,30172.0,0.0,0.0,82.0,1.0,4,0,22,7543.0,1.0,1.0,0.0,0.0,NonResidential,Small- and Mid-Sized Office,MAGNOLIA / QUEEN ANNE,No_Second_Use,No_Third_Use,1,1,1,1,0,0
1172535.25,7.82,14448.0,5300.0,1460.0,,1.0,4,0,115,5758.0,1.0,0.6273011462313304,0.2301146231330323,0.0633900659951372,NonResidential,Small- and Mid-Sized Office,BALLARD,Restaurant,Retail Store,3,0,0,1,0,0
1745284.25,34.52,23500.0,0.0,0.0,26.0,1.0,2,0,48,11750.0,1.0,1.0,0.0,0.0,NonResidential,Small- and Mid-Sized Office,BALLARD,No_Second_Use,No_Third_Use,2,0,1,1,1,0
665681.875,16.67,22282.0,0.0,0.0,93.0,1.0,1,0,50,22282.0,1.0,1.0,0.0,0.0,NonResidential,Small- and Mid-Sized Office,BALLARD,No_Second_Use,No_Third_Use,2,0,1,1,1,0
599426.5,17.39,24000.0,0.0,0.0,,1.0,2,0,114,12000.0,1.0,1.0,0.0,0.0,NonResidential,Self-Storage Facility,BALLARD,No_Second_Use,No_Third_Use,3,0,0,1,1,0
2151546.25,60.67,9500.0,8196.0,6700.0,,1.0,3,0,107,9028.333333333334,1.0,0.3507476462986893,0.302602916743585,0.24736939265275984,NonResidential,Mixed Use Property,BALLARD,Office,Multifamily Housing,3,1,0,1,1,0
2448649.75,44.26,37500.0,0.0,0.0,58.0,1.0,2,0,85,18750.0,1.0,1.0,0.0,0.0,NonResidential,Small- and Mid-Sized Office,NORTH,No_Second_Use,No_Third_Use,3,1,1,1,1,0
1270514.75,33.28,23983.0,0.0,0.0,61.0,1.0,3,0,86,7994.333333333333,1.0,1.0,0.0,0.0,NonResidential,K-12 School,NORTHWEST,No_Second_Use,No_Third_Use,3,0,1,1,1,0
939941.6875,30.49,20100.0,3500.0,0.0,22.0,1.0,1,0,36,24100.0,1.0,0.8340248962655602,0.14522821576763487,0.0,NonResidential,Distribution Center,DELRIDGE,Non-Refrigerated Warehouse,No_Third_Use,1,0,1,1,1,0
4277566.0,128.66,51515.0,0.0,0.0,5.0,3.0,2,0,12,15671.5,1.0,1.643588680088058,0.0,0.0,NonResidential,K-12 School,NORTHEAST,No_Second_Use,No_Third_Use,0,1,1,1,1,0
2450442.75,17.08,24052.0,23501.0,9561.0,,1.0,3,22850,20,18637.333333333332,0.5913220775504364,0.4301759908427529,0.42032121905852055,0.17100085849191587,NonResidential,Mixed Use Property,NORTHWEST,Office,Retail Store,1,2,0,1,0,0
1845057.875,67.45,18000.0,2294.0,0.0,,1.0,2,0,59,10147.0,1.0,0.8869616635458756,0.11303833645412437,0.0,NonResidential,Other,MAGNOLIA / QUEEN ANNE,Office,No_Third_Use,2,0,0,1,1,0
1286817.375,8.97,24008.0,0.0,0.0,64.0,1.0,4,10849,33,10142.75,0.7325922456927362,0.5917527297823568,0.0,0.0,NonResidential,Small- and Mid-Sized Office,MAGNOLIA / QUEEN ANNE,No_Second_Use,No_Third_Use,1,2,1,1,0,0
1785685.5,12.24,41707.0,12000.0,0.0,78.0,1.0,4,15659,33,10426.75,0.6245474380799386,1.0,0.28772148560193733,0.0,NonResidential,Small- and Mid-Sized Office,MAGNOLIA / QUEEN ANNE,Parking,No_Third_Use,1,2,1,1,0,0
2300589.0,42.87,20176.0,19440.0,15490.0,,1.0,2,0,56,28822.0,1.0,0.3500104087155645,0.33724238428977865,0.26871834015682466,NonResidential,Mixed Use Property,MAGNOLIA / QUEEN ANNE,Other - Services,Non-Refrigerated Warehouse,2,2,0,1,1,0
1809734.75,28.28,25547.0,13950.0,0.0,9.0,1.0,2,0,61,19748.5,1.0,0.6468086183760792,0.35319138162392083,0.0,NonResidential,Warehouse,MAGNOLIA / QUEEN ANNE,Office,No_Third_Use,2,2,1,1,1,0
3944599.75,121.9,53776.0,0.0,0.0,,1.0,1,0,84,33087.0,1.0,1.6252908997491462,0.0,0.0,Nonresidential COS,Other,EAST,No_Second_Use,No_Third_Use,3,1,0,1,1,0
1243709.625,8.44,27574.0,0.0,0.0,73.0,1.0,2,0,34,13787.0,1.0,1.0,0.0,0.0,NonResidential,Small- and Mid-Sized Office,NORTHWEST,No_Second_Use,No_Third_Use,1,1,1,1,0,0
4141925.0,82.57,43661.0,0.0,0.0,4.0,1.0,5,0,18,8732.2,1.0,1.0,0.0,0.0,NonResidential,Senior Care Community,North,Parking,No_Third_Use,1,2,1,1,1,0
2596383.25,17.24,76105.0,0.0,0.0,91.0,1.0,3,27307,29,25368.333333333332,0.6411930884961566,1.0,0.0,0.0,NonResidential,Small- and Mid-Sized Office,NORTHWEST,No_Second_Use,No_Third_Use,1,3,1,1,0,0
2177737.0,44.28,17500.0,15770.0,4000.0,,1.0,2,0,64,16004.5,1.0,0.5467212346527539,0.4926739354556531,0.12496485363491518,NonResidential,Mixed Use Property,North,Retail Store,Office,2,1,0,1,1,0
1525049.625,33.42,28841.0,0.0,0.0,55.0,1.0,3,0,28,9613.666666666666,1.0,1.0,0.0,0.0,NonResidential,Medical Office,NORTH,No_Second_Use,No_Third_Use,1,1,1,1,1,0
2652254.5,80.19,30498.0,0.0,0.0,,2.0,1,0,11,30498.0,1.0,1.0,0.0,0.0,Nonresidential COS,Other,NORTH,No_Second_Use,No_Third_Use,0,1,0,1,1,0
1124454.25,42.96,21405.0,0.0,0.0,92.0,1.0,2,0,92,21487.5,1.0,0.4980802792321117,0.0,0.0,NonResidential,K-12 School,DELRIDGE,No_Second_Use,No_Third_Use,3,2,1,1,1,0
1803514.875,52.41,13075.0,10185.0,0.0,,1.0,1,0,53,23260.0,1.0,0.5621238177128117,0.43787618228718833,0.0,NonResidential,Other,DELRIDGE,Office,No_Third_Use,2,0,0,1,1,0
2828171.5,55.85,27262.0,8653.0,285.0,88.0,1.0,2,0,28,15329.5,1.0,0.8892005610098177,0.28223360187873053,0.00929580221142242,NonResidential,Small- and Mid-Sized Office,DELRIDGE,Non-Refrigerated Warehouse,Data Center,1,1,1,1,1,0
1138349.25,32.58,27144.0,0.0,0.0,,1.0,2,0,96,13572.0,1.0,1.0,0.0,0.0,NonResidential,Other,MAGNOLIA / QUEEN ANNE,No_Second_Use,No_Third_Use,3,1,0,1,1,0
1633105.375,11.39,44667.0,0.0,0.0,81.0,1.0,2,0,37,17379.5,1.0,1.2850484766535286,0.0,0.0,NonResidential,Medical Office,NORTHWEST,Parking,No_Third_Use,2,1,1,1,0,0
1781436.375,53.21,45909.0,1025.0,972.0,,1.0,2,0,51,22359.5,1.0,1.026610612938572,0.02292090610255149,0.021735727543102483,NonResidential,Worship Facility,NORTHWEST,Medical Office,Office,2,2,0,1,1,0
103985264.0,3238.24,520187.0,282392.0,54159.0,60.0,1.0,3,0,52,197327.0,1.0,0.8787224589978394,0.47702882356021564,0.09148773355901625,NonResidential,Medical Office,EAST,Parking,Other/Specialty Hospital,2,4,1,1,1,0
3347245.25,96.15,57952.0,0.0,0.0,,5.0,1,0,11,57952.0,1.0,1.0,0.0,0.0,Campus,Other,DELRIDGE,No_Second_Use,No_Third_Use,0,2,0,1,1,0
3315521.5,122.71,18262.0,7970.0,0.0,,1.0,1,0,45,26232.0,1.0,0.6961726136017078,0.30382738639829215,0.0,NonResidential,Other,DELRIDGE,Office,No_Third_Use,2,0,0,1,1,0
1405510.25,43.63,43813.0,0.0,0.0,,1.0,1,0,28,45145.0,1.0,0.9704950714364824,0.0,0.0,NonResidential,Small- and Mid-Sized Office,DOWNTOWN,No_Second_Use,No_Third_Use,1,2,0,1,1,0
2000777.25,19.12,44417.0,25915.0,0.0,89.0,1.0,5,22095,15,14066.4,0.6858471250639823,0.6315332992094637,0.36846670079053634,0.0,NonResidential,Small- and Mid-Sized Office,DOWNTOWN,Parking,No_Third_Use,0,3,1,1,1,0
8551562.0,179.55,139557.0,0.0,0.0,,5.0,2,0,27,69453.5,1.0,1.004679389807569,0.0,0.0,Campus,Other,GREATER DUWAMISH,No_Second_Use,No_Third_Use,1,4,0,1,1,0
2828385.0,23.6,40657.0,0.0,0.0,57.0,1.0,2,0,19,20328.5,1.0,1.0,0.0,0.0,NonResidential,Small- and Mid-Sized Office,GREATER DUWAMISH,Parking,No_Third_Use,1,2,1,1,1,0
4056815.5,184.0,44091.0,0.0,0.0,29.0,1.0,1,0,112,44086.0,1.0,1.0001134146894706,0.0,0.0,NonResidential,Residence Hall,EAST,No_Second_Use,No_Third_Use,3,2,1,1,1,1
1479454.375,9.79,54372.0,15000.0,0.0,94.0,1.0,7,20824,46,7767.428571428572,0.6170087545059957,1.0,0.27587728978150516,0.0,NonResidential,Small- and Mid-Sized Office,EAST,Parking,No_Third_Use,2,2,1,1,0,0
1380656.125,62.23,19658.0,0.0,0.0,69.0,1.0,3,0,60,7094.0,1.0,0.9236913823888733,0.0,0.0,NonResidential,Small- and Mid-Sized Office,EAST,No_Second_Use,No_Third_Use,2,0,1,1,0,1
3787648.25,26.41,41022.0,0.0,0.0,,1.0,2,0,95,20511.0,1.0,1.0,0.0,0.0,NonResidential,Other,SOUTHEAST,No_Second_Use,No_Third_Use,3,2,0,1,0,0
3612526.75,38.39,28109.0,0.0,0.0,,1.0,2,0,50,14054.5,1.0,1.0,0.0,0.0,NonResidential,Other,DELRIDGE,No_Second_Use,No_Third_Use,2,1,0,1,1,0
1184385.875,44.26,30139.0,0.0,0.0,,1.0,1,0,47,30160.0,1.0,0.9993037135278514,0.0,0.0,NonResidential,Other,NORTH,No_Second_Use,No_Third_Use,2,1,0,1,1,0
9946297.0,294.65,42939.0,40878.0,10887.0,,1.0,11,0,107,10103.363636363636,1.0,0.3863609778921511,0.36781629880237904,0.09796017527915996,NonResidential,Mixed Use Property,DOWNTOWN,Multifamily Housing,Bank Branch,3,3,0,1,1,0
1594851.25,37.65,28347.0,9113.0,0.0,,1.0,1,0,19,40189.0,1.0,0.705342257831745,0.2267535892906019,0.0,NonResidential,Other,Delridge,Office,Parking,1,2,0,1,1,0
3098383.5,21.24,49334.0,18000.0,9000.0,69.0,1.0,2,0,28,33242.0,1.0,0.7420431983635161,0.27074183262138257,0.13537091631069129,NonResidential,Small- and Mid-Sized Office,DELRIDGE,Non-Refrigerated Warehouse,Retail Store,1,3,1,1,0,0
1481688.75,62.05,24155.0,0.0,0.0,85.0,1.0,3,0,57,8383.666666666666,1.0,0.9603991888990497,0.0,0.0,NonResidential,Small- and Mid-Sized Office,EAST,No_Second_Use,No_Third_Use,2,0,1,1,0,1
2835357.0,112.34,35770.0,0.0,0.0,56.0,1.0,6,0,88,5961.666666666667,1.0,1.0,0.0,0.0,NonResidential,Hotel,EAST,No_Second_Use,No_Third_Use,3,1,1,1,1,0
3182794.5,101.31,48006.0,0.0,0.0,85.0,1.0,9,0,88,5334.0,1.0,1.0,0.0,0.0,NonResidential,Hotel,EAST,No_Second_Use,No_Third_Use,3,2,1,1,1,0
5327051.5,146.93,16000.0,13000.0,5000.0,,1.0,2,0,56,14815.5,1.0,0.5399750261550403,0.4387297087509703,0.1687421956734501,NonResidential,Mixed Use Property,DOWNTOWN,Office,Restaurant,2,1,0,1,1,0
1589717.125,46.45,20695.0,1065.0,945.0,,1.0,2,0,27,11736.0,1.0,0.881688820722563,0.04537321063394683,0.040260736196319015,NonResidential,Small- and Mid-Sized Office,DOWNTOWN,Other,Retail Store,1,0,0,1,1,0
3161573.5,110.66,20424.0,0.0,0.0,34.0,1.0,2,0,43,10657.5,1.0,0.9581984517945109,0.0,0.0,Nonresidential COS,Small- and Mid-Sized Office,GREATER DUWAMISH,No_Second_Use,No_Third_Use,2,0,1,1,1,0
2275712.0,24.31,36867.0,28390.0,0.0,69.0,1.0,4,15812,32,14277.5,0.7231308002101208,0.6455436876203817,0.4971108387322711,0.0,NonResidential,Small- and Mid-Sized Office,MAGNOLIA / QUEEN ANNE,Parking,No_Third_Use,1,2,1,1,1,0
1815642.75,22.26,34030.0,0.0,0.0,50.0,1.0,3,0,37,11343.333333333334,1.0,1.0,0.0,0.0,NonResidential,Small- and Mid-Sized Office,DOWNTOWN,No_Second_Use,No_Third_Use,2,1,1,1,1,0
1792023.375,38.57,41308.0,0.0,0.0,7.0,1.0,1,0,64,41308.0,1.0,1.0,0.0,0.0,NonResidential,Distribution Center,GREATER DUWAMISH,No_Second_Use,No_Third_Use,2,2,1,1,1,0
769771.3125,5.37,12000.0,8262.0,6312.0,,1.0,3,0,103,14626.0,1.0,0.2734855736359907,0.1882948174483796,0.1438534117325311,NonResidential,Mixed Use Property,DOWNTOWN,Office,Retail Store,3,2,0,1,0,0
943354.6875,15.7,34976.0,0.0,0.0,,1.0,3,0,104,11658.666666666666,1.0,1.0,0.0,0.0,NonResidential,Other,MAGNOLIA / QUEEN ANNE,No_Second_Use,No_Third_Use,3,1,0,1,1,0
1173175.75,33.8,38255.0,0.0,0.0,12.0,1.0,1,0,59,38255.0,1.0,1.0,0.0,0.0,NonResidential,Warehouse,MAGNOLIA / QUEEN ANNE,No_Second_Use,No_Third_Use,2,1,1,1,1,0
36034584.0,565.55,260241.0,0.0,0.0,,23.0,1,0,61,260241.0,1.0,1.0,0.0,0.0,Campus,Other,MAGNOLIA / QUEEN ANNE,No_Second_Use,No_Third_Use,2,4,0,1,1,0
2398376.5,59.24,31325.0,13143.0,0.0,71.0,1.0,3,0,27,16308.0,1.0,0.6402787997710735,0.2686411577140054,0.0,NonResidential,Small- and Mid-Sized Office,LAKE UNION,Parking,No_Third_Use,1,2,1,1,1,0
1761932.5,11.17,50333.0,0.0,0.0,88.0,1.0,4,18036,57,12583.25,0.6416665011026563,1.0,0.0,0.0,NonResidential,Small- and Mid-Sized Office,LAKE UNION,No_Second_Use,No_Third_Use,2,2,1,1,0,0
2638076.5,17.57,34160.0,19650.0,0.0,,1.0,4,21906,30,14358.0,0.6185750104471375,0.5947903607744811,0.34214375261178437,0.0,NonResidential,Small- and Mid-Sized Office,LAKE UNION,Parking,No_Third_Use,1,2,0,1,0,0
706926.0,4.65,17332.0,9162.0,0.0,,1.0,3,7956,47,8637.333333333334,0.6929607903673973,0.6688792837295462,0.3535813522692189,0.0,NonResidential,Small- and Mid-Sized Office,LAKE UNION,Parking,No_Third_Use,2,0,0,1,0,0
1994967.75,13.91,33705.0,21908.0,0.0,73.0,1.0,3,21908,16,19044.0,0.6165371420569908,0.5899495904221802,0.38346285794300916,0.0,NonResidential,Small- and Mid-Sized Office,LAKE UNION,Parking,No_Third_Use,0,2,1,1,0,0
1045964.625,26.73,24224.0,0.0,0.0,52.0,1.0,2,0,59,12112.0,1.0,1.0,0.0,0.0,NonResidential,Worship Facility,DELRIDGE,Parking,No_Third_Use,2,0,1,1,1,0
456483.0938,13.12,23706.0,0.0,0.0,78.0,1.0,1,0,53,23706.0,1.0,1.0,0.0,0.0,NonResidential,Worship Facility,DELRIDGE,No_Second_Use,No_Third_Use,2,0,1,1,1,0
1964681.25,13.7,28000.0,4000.0,0.0,,1.0,1,0,53,31900.0,1.0,0.877742946708464,0.12539184952978055,0.0,NonResidential,Warehouse,GREATER DUWAMISH,Office,No_Third_Use,2,1,0,1,0,0
4504593.5,178.86,49000.0,0.0,0.0,,1.0,1,0,99,49066.0,1.0,0.9986548730281661,0.0,0.0,NonResidential,Other,SOUTHWEST,No_Second_Use,No_Third_Use,3,2,0,1,1,0
1849185.25,61.3,28293.0,11630.0,0.0,,1.0,3,0,64,10246.666666666666,1.0,0.9203968770331815,0.378334417696812,0.0,NonResidential,Worship Facility,SOUTHWEST,Other - Recreation,No_Third_Use,2,1,0,1,1,0
2842819.5,55.86,42760.0,0.0,0.0,97.0,1.0,1,0,57,67450.0,1.0,0.6339510748702742,0.0,0.0,NonResidential,Supermarket / Grocery Store,SOUTHEAST,No_Second_Use,No_Third_Use,2,3,1,1,1,0
882896.5,6.16,46970.0,0.0,0.0,,1.0,1,0,68,46970.0,1.0,1.0,0.0,0.0,NonResidential,Warehouse,MAGNOLIA / QUEEN ANNE,No_Second_Use,No_Third_Use,3,2,0,1,0,0
1083153.75,16.04,18133.0,8679.0,2388.0,,1.0,1,0,85,47554.0,1.0,0.38131387475291245,0.18250830634646928,0.050216595869958365,NonResidential,Warehouse,MAGNOLIA / QUEEN ANNE,Office,Retail Store,3,2,0,1,1,0
1458046.0,60.57,43016.0,0.0,0.0,100.0,1.0,2,5400,37,21508.0,0.8744653152315418,1.0,0.0,0.0,NonResidential,Small- and Mid-Sized Office,MAGNOLIA / QUEEN ANNE,No_Second_Use,No_Third_Use,2,2,1,1,1,0
1146510.375,22.29,8711.0,6792.0,5306.0,,1.0,1,0,85,24196.0,1.0,0.3600181848239378,0.2807075549677633,0.21929244503223674,NonResidential,Mixed Use Property,MAGNOLIA / QUEEN ANNE,Non-Refrigerated Warehouse,Office,3,0,0,1,1,0
746543.625,24.76,20671.0,0.0,0.0,98.0,1.0,2,0,76,10335.5,1.0,1.0,0.0,0.0,NonResidential,Small- and Mid-Sized Office,MAGNOLIA / QUEEN ANNE,No_Second_Use,No_Third_Use,3,0,1,1,1,0
557887.875,14.36,21600.0,0.0,0.0,57.0,1.0,1,0,89,21600.0,1.0,1.0,0.0,0.0,NonResidential,Warehouse,GREATER DUWAMISH,No_Second_Use,No_Third_Use,3,0,1,1,1,0
866126.375,6.04,35844.0,0.0,0.0,14.0,1.0,1,0,39,35844.0,1.0,1.0,0.0,0.0,NonResidential,Worship Facility,SOUTHWEST,No_Second_Use,No_Third_Use,2,1,1,1,0,0
1672465.625,18.87,19896.0,13941.0,0.0,85.0,1.0,3,0,100,10591.333333333334,1.0,0.6261723421665513,0.4387549568829861,0.0,NonResidential,Small- and Mid-Sized Office,LAKE UNION,Retail Store,Parking,3,1,1,1,1,0
788592.5,4.95,26094.0,0.0,0.0,19.0,1.0,1,0,63,26094.0,1.0,1.0,0.0,0.0,NonResidential,Warehouse,GREATER DUWAMISH,No_Second_Use,No_Third_Use,2,0,1,1,0,0
1175914.875,7.56,23687.0,0.0,0.0,68.0,1.0,2,0,33,11843.5,1.0,1.0,0.0,0.0,NonResidential,Small- and Mid-Sized Office,GREATER DUWAMISH,No_Second_Use,No_Third_Use,1,0,1,1,0,0
1506510.25,10.01,24221.0,0.0,0.0,20.0,1.0,2,0,33,12110.5,1.0,1.0,0.0,0.0,NonResidential,Small- and Mid-Sized Office,GREATER DUWAMISH,No_Second_Use,No_Third_Use,1,0,1,1,0,0
5381105.0,37.51,34550.0,23085.0,11465.0,37.0,1.0,2,14083,116,35959.5,0.804182483071233,0.4804015628693391,0.32098610937304467,0.15941545349629443,NonResidential,Mixed Use Property,DOWNTOWN,Retail Store,Parking,3,3,1,1,0,0
3999505.25,128.41,17526.0,14501.0,0.0,54.0,1.0,2,0,116,16013.5,1.0,0.547225778249602,0.4527742217503981,0.0,NonResidential,Small- and Mid-Sized Office,DOWNTOWN,Retail Store,No_Third_Use,3,1,1,1,1,0
2805826.0,19.56,35693.0,14219.0,0.0,,1.0,3,0,110,10720.0,1.0,1.1098569651741295,0.4421330845771144,0.0,NonResidential,Small- and Mid-Sized Office,DOWNTOWN,Retail Store,No_Third_Use,3,1,0,1,0,0
3647847.25,109.59,43336.0,4500.0,0.0,,1.0,3,7572,24,15945.333333333334,0.8417091730077766,0.9059285893469353,0.09407141065306464,0.0,NonResidential,Other,GREATER DUWAMISH,Parking,No_Third_Use,1,2,0,1,1,0
2143122.25,50.07,34425.0,15536.0,0.0,84.0,1.0,3,0,102,11475.0,1.0,1.0,0.4512999273783588,0.0,NonResidential,Small- and Mid-Sized Office,GREATER DUWAMISH,Non-Refrigerated Warehouse,No_Third_Use,3,1,1,1,1,0
1961581.5,13.67,20106.0,16412.0,0.0,5.0,1.0,3,12000,32,13434.666666666666,0.7022628026994839,0.4988586740770147,0.40720524017467247,0.0,NonResidential,Medical Office,SOUTHWEST,Parking,No_Third_Use,1,2,1,1,0,0
1524858.875,42.45,15000.0,14619.0,0.0,50.0,1.0,1,0,26,29619.0,1.0,0.5064316823660489,0.4935683176339512,0.0,NonResidential,Distribution Center,GREATER DUWAMISH,Office,No_Third_Use,1,1,1,1,1,0
1651553.75,54.24,20700.0,0.0,0.0,47.0,1.0,2,0,94,10796.0,1.0,0.9586884031122638,0.0,0.0,NonResidential,K-12 School,CENTRAL,No_Second_Use,No_Third_Use,3,0,1,1,1,0
880687.3125,19.51,23923.0,0.0,0.0,69.0,1.0,2,0,85,11961.5,1.0,1.0,0.0,0.0,NonResidential,K-12 School,NORTH,No_Second_Use,No_Third_Use,3,0,1,1,1,0
1808592.0,37.08,16000.0,8000.0,0.0,47.0,1.0,3,0,109,8400.0,1.0,0.6349206349206349,0.31746031746031744,0.0,NonResidential,Small- and Mid-Sized Office,CENTRAL,Retail Store,No_Third_Use,3,0,1,1,1,0
1301418.875,9.26,26899.0,0.0,0.0,80.0,1.0,2,0,53,14148.0,1.0,0.9506290641786825,0.0,0.0,NonResidential,Small- and Mid-Sized Office,CENTRAL,No_Second_Use,No_Third_Use,2,1,1,1,0,0
2085718.125,22.48,25500.0,5000.0,0.0,55.0,1.0,3,0,17,10452.333333333334,1.0,0.8132155499569474,0.159454029403323,0.0,NonResidential,Small- and Mid-Sized Office,CENTRAL,Medical Office,Parking,1,1,1,1,1,0
5129831.0,174.62,53550.0,0.0,0.0,11.0,1.0,1,0,56,53550.0,1.0,1.0,0.0,0.0,NonResidential,Warehouse,GREATER DUWAMISH,No_Second_Use,No_Third_Use,2,2,1,1,1,0
1914443.25,67.05,32000.0,8000.0,0.0,62.0,1.0,1,0,92,38412.0,1.0,0.8330729980214516,0.2082682495053629,0.0,NonResidential,Warehouse,GREATER DUWAMISH,Office,No_Third_Use,3,1,1,1,1,0
607988.1875,3.8,25881.0,0.0,0.0,,1.0,1,0,86,25881.0,1.0,1.0,0.0,0.0,NonResidential,Self-Storage Facility,GREATER DUWAMISH,No_Second_Use,No_Third_Use,3,0,0,1,0,0
751206.5,19.61,24023.0,0.0,0.0,98.0,1.0,1,0,63,24291.0,1.0,0.9889671071590301,0.0,0.0,NonResidential,Small- and Mid-Sized Office,GREATER DUWAMISH,No_Second_Use,No_Third_Use,2,0,1,1,1,0
1338475.5,8.85,36544.0,0.0,0.0,5.0,1.0,1,0,50,36544.0,1.0,1.0,0.0,0.0,NonResidential,Warehouse,GREATER DUWAMISH,No_Second_Use,No_Third_Use,2,1,1,1,0,0
1573106.75,51.1,20796.0,0.0,0.0,,1.0,1,0,67,20796.0,1.0,1.0,0.0,0.0,NonResidential,Warehouse,GREATER DUWAMISH,No_Second_Use,No_Third_Use,3,0,0,1,1,0
713915.5,17.04,13000.0,8349.0,0.0,70.0,1.0,1,0,69,21349.0,1.0,0.6089278186331912,0.39107218136680877,0.0,NonResidential,Distribution Center,GREATER DUWAMISH,Office,No_Third_Use,3,0,1,1,1,0
2085116.625,83.3,19224.0,1500.0,0.0,,1.0,1,0,66,20724.0,1.0,0.9276201505500868,0.07237984944991314,0.0,NonResidential,Warehouse,GREATER DUWAMISH,Office,No_Third_Use,2,0,0,1,1,0
4747403.5,33.1,24109.0,0.0,0.0,,1.0,1,0,56,24109.0,1.0,1.0,0.0,0.0,NonResidential,Other,GREATER DUWAMISH,Parking,No_Third_Use,2,0,0,1,0,0
4069301.5,28.37,23419.0,2266.0,0.0,,1.0,1,0,61,25375.0,1.0,0.9229162561576355,0.08930049261083745,0.0,NonResidential,Refrigerated Warehouse,GREATER DUWAMISH,Office,No_Third_Use,2,0,0,1,0,0
859387.1875,21.5,19373.0,3430.0,0.0,78.0,1.0,1,0,31,22803.0,1.0,0.8495811954567382,0.15041880454326184,0.0,Nonresidential COS,Warehouse,GREATER DUWAMISH,Other,No_Third_Use,1,0,1,1,1,0
6052090.0,178.35,54170.0,0.0,0.0,,1.0,2,0,22,27085.0,1.0,1.0,0.0,0.0,NonResidential,Other,GREATER DUWAMISH,No_Second_Use,No_Third_Use,1,2,0,1,1,0
2617491.25,102.35,42252.0,0.0,0.0,49.0,1.0,2,0,104,21126.0,1.0,1.0,0.0,0.0,NonResidential,K-12 School,SOUTHEAST,No_Second_Use,No_Third_Use,3,2,1,1,1,0
893514.5,13.87,23250.0,0.0,0.0,,1.0,1,0,61,23100.0,1.0,1.0064935064935066,0.0,0.0,NonResidential,Self-Storage Facility,GREATER DUWAMISH,No_Second_Use,No_Third_Use,2,0,0,1,1,0
505585.0,12.92,22895.0,0.0,0.0,96.0,1.0,3,0,35,7631.666666666667,1.0,1.0,0.0,0.0,NonResidential,Worship Facility,SOUTHEAST,Parking,No_Third_Use,1,0,1,1,1,0
837795.8125,12.22,48179.0,0.0,0.0,,1.0,6,7132,10,8029.833333333333,0.851968700056041,1.0,0.0,0.0,NonResidential,Self-Storage Facility,NORTHEAST,No_Second_Use,No_Third_Use,0,2,0,1,1,0
919070.8125,18.03,52325.0,0.0,0.0,67.0,1.0,1,0,79,52325.0,1.0,1.0,0.0,0.0,NonResidential,Warehouse,GREATER DUWAMISH,No_Second_Use,No_Third_Use,3,2,1,1,1,0
318703.1875,9.71,20600.0,0.0,0.0,,1.0,4,0,96,5150.0,1.0,1.0,0.0,0.0,NonResidential,Other,GREATER DUWAMISH,No_Second_Use,No_Third_Use,3,0,0,1,1,0
678829.8125,5.09,31365.0,0.0,0.0,,1.0,1,0,44,31365.0,1.0,1.0,0.0,0.0,NonResidential,Other,GREATER DUWAMISH,No_Second_Use,No_Third_Use,2,1,0,1,1,0
904458.125,25.77,32100.0,0.0,0.0,,1.0,1,0,106,32100.0,1.0,1.0,0.0,0.0,NonResidential,Other,GREATER DUWAMISH,No_Second_Use,No_Third_Use,3,1,0,1,1,0
1284942.5,40.85,15400.0,5120.0,0.0,20.0,1.0,1,0,50,20520.0,1.0,0.7504873294346979,0.24951267056530213,0.0,NonResidential,Warehouse,GREATER DUWAMISH,Office,No_Third_Use,2,0,1,1,1,0
539778.5,3.45,22972.0,0.0,0.0,12.0,1.0,1,0,71,22972.0,1.0,1.0,0.0,0.0,NonResidential,Warehouse,GREATER DUWAMISH,No_Second_Use,No_Third_Use,3,0,1,1,0,0
550746.6875,8.7,25649.0,6728.0,0.0,80.0,1.0,1,0,63,24990.0,1.0,1.0263705482192877,0.2692276910764306,0.0,NonResidential,Warehouse,GREATER DUWAMISH,Office,No_Third_Use,2,0,1,1,1,0
1497394.75,40.94,22740.0,4860.0,0.0,,1.0,2,0,65,12000.0,1.0,0.9475,0.2025,0.0,NonResidential,Retail Store,GREATER DUWAMISH,Office,No_Third_Use,2,0,0,1,1,0
4060714.75,95.93,50628.0,49758.0,0.0,,1.0,1,0,53,100386.0,1.0,0.5043332735640428,0.4956667264359572,0.0,NonResidential,Warehouse,GREATER DUWAMISH,Other - Services,No_Third_Use,2,3,0,1,1,0
735907.8125,17.29,18470.0,5884.0,0.0,10.0,1.0,1,0,50,24354.0,1.0,0.758396977909173,0.24160302209082696,0.0,NonResidential,Distribution Center,GREATER DUWAMISH,Office,No_Third_Use,2,0,1,1,1,0
918950.6875,15.35,24000.0,9600.0,0.0,58.0,1.0,1,0,57,33600.0,1.0,0.7142857142857143,0.2857142857142857,0.0,NonResidential,Distribution Center,GREATER DUWAMISH,Office,No_Third_Use,2,1,1,1,1,0
1891759.125,51.27,20819.0,0.0,0.0,,1.0,1,0,42,20819.0,1.0,1.0,0.0,0.0,NonResidential,Other,GREATER DUWAMISH,No_Second_Use,No_Third_Use,2,0,0,1,1,0
1639903.75,40.01,19471.0,3825.0,0.0,,1.0,1,0,49,23296.0,1.0,0.8358087225274725,0.16419127747252749,0.0,NonResidential,Warehouse,GREATER DUWAMISH,Office,No_Third_Use,2,0,0,1,1,0
1840153.25,40.42,15000.0,15000.0,4232.0,,1.0,1,0,62,35222.0,1.0,0.4258701947646357,0.4258701947646357,0.12015217761626257,NonResidential,Mixed Use Property,GREATER DUWAMISH,"Repair Services (Vehicle, Shoe, Locksmith, etc)",Retail Store,2,1,0,1,1,0
1777297.75,59.0,25200.0,0.0,0.0,100.0,1.0,1,0,59,25520.0,1.0,0.987460815047022,0.0,0.0,NonResidential,Refrigerated Warehouse,GREATER DUWAMISH,No_Second_Use,No_Third_Use,2,0,1,1,1,0
907591.625,5.82,8223.0,0.0,0.0,,1.0,1,0,64,25460.0,1.0,0.3229772191673213,0.0,0.0,NonResidential,Other,GREATER DUWAMISH,No_Second_Use,No_Third_Use,2,0,0,1,0,0
920430.625,6.42,24291.0,0.0,0.0,87.0,1.0,2,0,42,12145.5,1.0,1.0,0.0,0.0,NonResidential,Small- and Mid-Sized Office,NORTH,No_Second_Use,No_Third_Use,2,0,1,1,0,0
526752.8125,3.67,20738.0,0.0,0.0,44.0,1.0,2,0,58,10369.0,1.0,1.0,0.0,0.0,NonResidential,Retail Store,NORTH,No_Second_Use,No_Third_Use,2,0,1,1,0,0
975936.5,6.41,11729.0,11729.0,0.0,,1.0,4,0,16,7737.0,1.0,0.37899056481840504,0.37899056481840504,0.0,NonResidential,Mixed Use Property,NORTH,Other,No_Third_Use,0,1,0,1,0,0
2654316.0,18.5,20575.0,0.0,0.0,1.0,1.0,2,7056,30,14192.5,0.7514180024660913,0.7248546767658974,0.0,0.0,NonResidential,Medical Office,NORTH,No_Second_Use,No_Third_Use,1,1,1,1,0,0
956406.375,17.51,17650.0,2400.0,0.0,,1.0,1,0,38,21755.0,1.0,0.8113077453458974,0.11031946678924386,0.0,NonResidential,Warehouse,GREATER DUWAMISH,Office,No_Third_Use,2,0,0,1,1,0
6129780.0,42.73,27933.0,0.0,0.0,,1.0,1,0,56,27933.0,1.0,1.0,0.0,0.0,NonResidential,Other,GREATER DUWAMISH,No_Second_Use,No_Third_Use,2,1,0,1,0,0
1328072.5,38.87,15609.0,7534.0,0.0,75.0,1.0,1,0,33,23143.0,1.0,0.6744587996370393,0.32554120036296075,0.0,NonResidential,Small- and Mid-Sized Office,GREATER DUWAMISH,Non-Refrigerated Warehouse,No_Third_Use,1,0,1,1,1,0
2438706.5,60.12,28800.0,7350.0,0.0,73.0,1.0,1,0,54,28800.0,1.0,1.0,0.2552083333333333,0.0,NonResidential,Small- and Mid-Sized Office,GREATER DUWAMISH,Non-Refrigerated Warehouse,No_Third_Use,2,1,1,1,1,0
522105.3125,9.25,39600.0,0.0,0.0,91.0,1.0,1,0,64,39600.0,1.0,1.0,0.0,0.0,NonResidential,Warehouse,GREATER DUWAMISH,No_Second_Use,No_Third_Use,2,2,1,1,1,0
1180859.625,16.5,41430.0,0.0,0.0,37.0,1.0,1,0,79,41248.0,1.0,1.0044123351435221,0.0,0.0,NonResidential,Distribution Center,GREATER DUWAMISH,No_Second_Use,No_Third_Use,3,2,1,1,1,0
1638043.5,46.16,21400.0,15000.0,0.0,,1.0,1,0,7,36400.0,1.0,0.5879120879120879,0.41208791208791207,0.0,NonResidential,Other,GREATER DUWAMISH,Retail Store,No_Third_Use,0,1,0,1,1,0
3573328.25,24.91,31332.0,0.0,0.0,,1.0,1,0,96,31332.0,1.0,1.0,0.0,0.0,NonResidential,Other,SOUTHWEST,No_Second_Use,No_Third_Use,3,1,0,1,0,0
1404208.25,43.64,35864.0,0.0,0.0,75.0,1.0,2,0,68,17932.0,1.0,1.0,0.0,0.0,NonResidential,Worship Facility,SOUTHWEST,No_Second_Use,No_Third_Use,3,1,1,1,1,0
961253.6875,38.38,20484.0,0.0,0.0,69.0,1.0,1,0,62,20484.0,1.0,1.0,0.0,0.0,NonResidential,Worship Facility,GREATER DUWAMISH,No_Second_Use,No_Third_Use,2,0,1,1,1,0
1849331.25,12.89,21743.0,0.0,0.0,4.0,1.0,4,17622,32,11316.0,0.6106839872746553,0.480359667727112,0.0,0.0,NonResidential,Medical Office,NORTHEAST,No_Second_Use,No_Third_Use,1,2,1,1,0,0
2824096.75,19.69,27642.0,0.0,0.0,,2.0,4,14576,29,9233.0,0.6053287122278782,0.7484566229827792,0.0,0.0,NonResidential,Medical Office,NORTHEAST,No_Second_Use,No_Third_Use,1,1,0,1,0,0
4426520.0,93.5,45082.0,0.0,0.0,,1.0,4,0,43,11270.5,1.0,1.0,0.0,0.0,NonResidential,Other,CENTRAL,No_Second_Use,No_Third_Use,2,2,0,1,1,0
2592728.0,17.87,34110.0,0.0,0.0,31.0,1.0,2,0,56,17055.0,1.0,1.0,0.0,0.0,NonResidential,Small- and Mid-Sized Office,LAKE UNION,No_Second_Use,No_Third_Use,2,1,1,1,0,0
522972.1875,3.65,19430.0,1470.0,0.0,,1.0,1,0,46,23750.0,1.0,0.8181052631578948,0.061894736842105266,0.0,NonResidential,Warehouse,GREATER DUWAMISH,Office,No_Third_Use,2,0,0,1,0,0
870127.125,8.22,22201.0,6087.0,0.0,19.0,1.0,1,0,50,28144.0,1.0,0.788835986355884,0.21628055713473565,0.0,NonResidential,Distribution Center,GREATER DUWAMISH,Office,No_Third_Use,2,1,1,1,1,0
2654698.5,43.17,57910.0,13373.0,0.0,41.0,1.0,3,0,100,23761.0,1.0,0.8123956623598895,0.18760433764011056,0.0,NonResidential,Warehouse,GREATER DUWAMISH,Office,No_Third_Use,3,3,1,1,1,0
2810298.5,19.88,22992.0,800.0,0.0,,1.0,1,0,27,23792.0,1.0,0.9663752521856086,0.03362474781439139,0.0,NonResidential,Warehouse,GREATER DUWAMISH,Office,No_Third_Use,1,0,0,1,0,0
1033962.125,7.27,47368.0,0.0,0.0,99.0,1.0,2,0,37,23684.0,1.0,1.0,0.0,0.0,NonResidential,Small- and Mid-Sized Office,GREATER DUWAMISH,Parking,No_Third_Use,2,2,1,1,0,0
1898673.75,27.92,18871.0,14000.0,13312.0,,1.0,1,0,85,46183.0,1.0,0.408613559101834,0.3031418487322175,0.2882445921659485,NonResidential,Mixed Use Property,GREATER DUWAMISH,Food Service,Retail Store,3,2,0,1,1,0
2756929.5,41.96,49825.0,22788.0,0.0,84.0,1.0,5,22788,32,14522.6,0.6861718975940947,0.6861718975940947,0.31382810240590525,0.0,NonResidential,Small- and Mid-Sized Office,CENTRAL,Parking,No_Third_Use,1,3,1,1,1,0
1523036.0,20.3,51672.0,0.0,0.0,97.0,1.0,3,0,27,17224.0,1.0,1.0,0.0,0.0,SPS-District K-12,K-12 School,SOUTHEAST,No_Second_Use,No_Third_Use,1,2,1,1,1,0
2108861.75,14.7,19987.0,7505.0,0.0,36.0,1.0,2,11082,26,19176.0,0.7110450563204005,0.5211462244472257,0.19568731748018356,0.0,Nonresidential COS,Medical Office,SOUTHEAST,Office,No_Third_Use,1,1,1,1,0,0
2326238.0,57.25,14081.0,12824.0,1479.0,,1.0,1,0,21,28425.0,1.0,0.49537379067722076,0.4511521547933157,0.05203166226912929,Nonresidential COS,Mixed Use Property,SOUTHEAST,Other - Recreation,Office,1,1,0,1,1,0
2053325.25,31.94,35115.0,0.0,0.0,,1.0,3,0,7,11705.0,1.0,1.0,0.0,0.0,NonResidential,Other,NORTH,No_Second_Use,No_Third_Use,0,1,0,1,1,0
1063960.125,18.87,18854.0,6804.0,0.0,,1.0,1,0,47,25658.0,1.0,0.7348195494582587,0.2651804505417414,0.0,Nonresidential COS,Warehouse,NORTHWEST,Office,No_Third_Use,2,0,0,1,1,0
1085871.625,18.04,27600.0,8400.0,0.0,95.0,1.0,2,0,109,18000.0,1.0,0.7666666666666667,0.23333333333333334,0.0,NonResidential,Small- and Mid-Sized Office,EAST,Other,No_Third_Use,3,1,1,1,1,0
1280845.875,26.52,18000.0,18000.0,0.0,59.0,1.0,1,0,103,36000.0,1.0,0.5,0.5,0.0,NonResidential,Mixed Use Property,EAST,Retail Store,No_Third_Use,3,1,1,1,1,0
2061027.625,49.18,43200.0,0.0,0.0,38.0,1.0,2,0,101,21600.0,1.0,1.0,0.0,0.0,NonResidential,Warehouse,EAST,No_Second_Use,No_Third_Use,3,2,1,1,1,0
3034711.5,46.85,42800.0,10400.0,0.0,71.0,1.0,4,12870,103,13460.0,0.7609583952451708,0.7949479940564635,0.19316493313521546,0.0,NonResidential,Small- and Mid-Sized Office,GREATER DUWAMISH,Parking,No_Third_Use,3,2,1,1,1,0
1278856.25,23.5,34038.0,9756.0,0.0,88.0,1.0,1,0,41,43794.0,1.0,0.7772297575010275,0.22277024249897245,0.0,NonResidential,Retail Store,GREATER DUWAMISH,Office,No_Third_Use,2,2,1,1,1,0
3123892.75,78.57,40780.0,7500.0,0.0,18.0,1.0,1,0,48,48280.0,1.0,0.8446561723280862,0.15534382767191385,0.0,NonResidential,Warehouse,GREATER DUWAMISH,Office,No_Third_Use,2,2,1,1,1,0
908877.375,34.04,20385.0,0.0,0.0,65.0,1.0,2,0,66,10192.5,1.0,1.0,0.0,0.0,NonResidential,Worship Facility,NORTHEAST,No_Second_Use,No_Third_Use,2,0,1,1,1,0
633770.5,4.33,20317.0,0.0,0.0,83.0,1.0,2,0,49,10158.5,1.0,1.0,0.0,0.0,NonResidential,Small- and Mid-Sized Office,NORTHEAST,No_Second_Use,No_Third_Use,2,0,1,1,0,0
2786648.75,19.43,33392.0,0.0,0.0,,1.0,1,0,30,33392.0,1.0,1.0,0.0,0.0,NonResidential,Other,NORTHWEST,No_Second_Use,No_Third_Use,1,1,0,1,0,0
2340055.75,41.77,32040.0,0.0,0.0,3.0,1.0,1,0,50,32000.0,1.0,1.00125,0.0,0.0,NonResidential,Warehouse,GREATER DUWAMISH,No_Second_Use,No_Third_Use,2,1,1,1,1,0
4947630.5,175.53,45449.0,0.0,0.0,15.0,1.0,1,0,46,44000.0,1.0,1.0329318181818181,0.0,0.0,NonResidential,Warehouse,GREATER DUWAMISH,No_Second_Use,No_Third_Use,2,2,1,1,1,0
3253334.25,124.4,36000.0,0.0,0.0,44.0,1.0,1,0,43,36000.0,1.0,1.0,0.0,0.0,NonResidential,Warehouse,GREATER DUWAMISH,No_Second_Use,No_Third_Use,2,1,1,1,1,0
1526335.25,43.18,29640.0,1460.0,0.0,,1.0,1,0,37,31360.0,1.0,0.9451530612244898,0.046556122448979595,0.0,NonResidential,Warehouse,GREATER DUWAMISH,Retail Store,No_Third_Use,2,1,0,1,1,0
2499644.75,64.75,32200.0,1200.0,0.0,,1.0,1,0,37,33320.0,1.0,0.9663865546218487,0.03601440576230492,0.0,NonResidential,Warehouse,GREATER DUWAMISH,Office,No_Third_Use,2,1,0,1,1,0
2567827.75,59.14,47800.0,0.0,0.0,71.0,1.0,1,0,37,48020.0,1.0,0.9954185755935027,0.0,0.0,NonResidential,Warehouse,GREATER DUWAMISH,No_Second_Use,No_Third_Use,2,2,1,1,1,0
1340563.125,39.05,27850.0,0.0,0.0,55.0,1.0,1,0,37,27420.0,1.0,1.0156819839533187,0.0,0.0,NonResidential,Warehouse,GREATER DUWAMISH,No_Second_Use,No_Third_Use,2,1,1,1,1,0
2332477.5,85.15,37000.0,0.0,0.0,71.0,1.0,2,0,67,21822.5,1.0,0.8477488830335663,0.0,0.0,NonResidential,K-12 School,NORTHEAST,No_Second_Use,No_Third_Use,3,2,1,1,1,0
1453484.75,21.46,20360.0,0.0,0.0,68.0,1.0,1,0,64,26853.0,1.0,0.7582020630841991,0.0,0.0,NonResidential,Retail Store,NORTHEAST,No_Second_Use,No_Third_Use,2,1,1,1,1,0
1095347.375,29.88,44775.0,0.0,0.0,,1.0,4,0,107,11193.75,1.0,1.0,0.0,0.0,NonResidential,Other,GREATER DUWAMISH,No_Second_Use,No_Third_Use,3,2,0,1,1,0
3262533.0,112.82,19715.0,12000.0,6000.0,,2.0,1,0,100,27760.0,1.0,0.7101945244956772,0.4322766570605187,0.21613832853025935,NonResidential,Other,GREATER DUWAMISH,Office,Retail Store,3,1,0,1,1,0
347437.6875,6.46,13144.0,6600.0,1070.0,,1.0,1,0,79,20975.0,1.0,0.6266507747318236,0.3146603098927294,0.05101311084624553,NonResidential,Other,GREATER DUWAMISH,Other,Fast Food Restaurant,3,0,0,1,1,0
1646355.25,17.6,26075.0,0.0,0.0,,1.0,1,0,98,26075.0,1.0,1.0,0.0,0.0,NonResidential,Other,GREATER DUWAMISH,No_Second_Use,No_Third_Use,3,0,0,1,1,0
1597845.25,26.27,29394.0,16902.0,0.0,60.0,1.0,1,0,24,29394.0,1.0,1.0,0.575015309246785,0.0,NonResidential,Warehouse,GREATER DUWAMISH,Office,No_Third_Use,1,1,1,1,1,0
501439.6875,12.17,15000.0,5400.0,0.0,69.0,1.0,2,0,90,10200.0,1.0,0.7352941176470589,0.2647058823529412,0.0,NonResidential,Warehouse,GREATER DUWAMISH,Office,No_Third_Use,3,0,1,1,1,0
903541.875,6.3,20460.0,0.0,0.0,16.0,1.0,1,0,90,20460.0,1.0,1.0,0.0,0.0,NonResidential,Small- and Mid-Sized Office,GREATER DUWAMISH,No_Second_Use,No_Third_Use,3,0,1,1,0,0
1067194.5,7.49,21870.0,0.0,0.0,45.0,1.0,2,0,61,10935.0,1.0,1.0,0.0,0.0,NonResidential,Refrigerated Warehouse,GREATER DUWAMISH,No_Second_Use,No_Third_Use,2,0,1,1,0,0
3743867.25,66.77,51664.0,0.0,0.0,,3.0,1,0,28,51664.0,1.0,1.0,0.0,0.0,NonResidential,Warehouse,GREATER DUWAMISH,No_Second_Use,No_Third_Use,1,2,0,1,1,0
3389213.25,106.35,43615.0,0.0,0.0,89.0,1.0,1,0,46,43615.0,1.0,1.0,0.0,0.0,NonResidential,Medical Office,DELRIDGE,No_Second_Use,No_Third_Use,2,2,1,1,1,0
1196289.375,7.98,16855.0,0.0,0.0,26.0,1.0,3,0,46,12293.0,1.0,0.45703516906640634,0.0,0.0,NonResidential,Small- and Mid-Sized Office,DELRIDGE,No_Second_Use,No_Third_Use,2,1,1,1,0,0
3611021.0,92.7,28303.0,1100.0,0.0,,1.0,2,0,14,14265.5,1.0,0.992008692299604,0.03855455469489327,0.0,Nonresidential COS,Other,DELRIDGE,Parking,No_Third_Use,0,1,0,1,1,0
1080492.375,7.05,14452.0,14452.0,0.0,,1.0,5,0,12,7035.2,1.0,0.410848305662952,0.410848305662952,0.0,NonResidential,Mixed Use Property,SOUTHWEST,Other,No_Third_Use,0,1,0,1,0,0
3023468.0,61.68,26393.0,15000.0,0.0,,1.0,2,15243,76,20646.5,0.6308575303320175,0.6391640229578863,0.36325769500883925,0.0,NonResidential,University,LAKE UNION,Medical Office,No_Third_Use,3,2,0,1,1,0
2315404.0,61.6,30889.0,18000.0,0.0,49.0,1.0,1,0,75,48890.0,1.0,0.6318060953160155,0.3681734506033954,0.0,NonResidential,Warehouse,GREATER DUWAMISH,Office,No_Third_Use,3,2,1,1,1,0
4416909.5,30.79,43473.0,0.0,0.0,3.0,1.0,3,0,16,14491.0,1.0,1.0,0.0,0.0,NonResidential,Small- and Mid-Sized Office,GREATER DUWAMISH,No_Second_Use,No_Third_Use,0,2,1,1,0,0
3766310.0,35.48,40793.0,0.0,0.0,19.0,1.0,1,0,26,40265.0,1.0,1.0131131255432757,0.0,0.0,NonResidential,Retail Store,DELRIDGE,No_Second_Use,No_Third_Use,1,2,1,1,1,0
1761050.125,37.61,32427.0,0.0,0.0,79.0,1.0,1,0,11,26208.0,1.0,1.237293956043956,0.0,0.0,NonResidential,Retail Store,DELRIDGE,No_Second_Use,No_Third_Use,0,0,1,1,1,0
3705229.5,152.14,12000.0,11400.0,9100.0,,1.0,1,0,90,42172.0,1.0,0.284548989851086,0.27032154035853173,0.2157829839704069,NonResidential,Mixed Use Property,BALLARD,Other - Entertainment/Public Assembly,Social/Meeting Hall,3,2,0,1,1,0
866241.875,11.44,32250.0,0.0,0.0,92.0,1.0,5,0,106,6450.0,1.0,1.0,0.0,0.0,NonResidential,Small- and Mid-Sized Office,DOWNTOWN,No_Second_Use,No_Third_Use,3,1,1,1,1,0
1330840.875,14.17,51000.0,0.0,0.0,95.0,1.0,1,0,63,51000.0,1.0,1.0,0.0,0.0,NonResidential,Retail Store,NORTHWEST,No_Second_Use,No_Third_Use,2,2,1,1,1,0
1051152.375,17.45,11815.0,5120.0,3812.0,,1.0,2,0,81,10373.5,1.0,0.569479924808406,0.2467826673735962,0.18373740781799777,NonResidential,Other,GREATER DUWAMISH,Restaurant,Office,3,0,0,1,1,0
929876.625,27.83,36000.0,4800.0,0.0,,1.0,2,0,88,20400.0,1.0,0.8823529411764706,0.11764705882352941,0.0,NonResidential,Warehouse,GREATER DUWAMISH,Office,No_Third_Use,3,2,0,1,1,0
592196.6875,4.02,20150.0,0.0,0.0,80.0,1.0,2,0,96,10075.0,1.0,1.0,0.0,0.0,NonResidential,Small- and Mid-Sized Office,GREATER DUWAMISH,No_Second_Use,No_Third_Use,3,0,1,1,0,0
1682454.875,11.73,31500.0,0.0,0.0,40.0,1.0,7,0,107,5142.857142857143,1.0,0.875,0.0,0.0,NonResidential,Small- and Mid-Sized Office,DOWNTOWN,No_Second_Use,No_Third_Use,3,1,1,1,0,0
2880753.0,96.62,24300.0,13284.0,3692.0,,1.0,2,0,78,20638.0,1.0,0.5887198371935265,0.3218335109991278,0.08944665180734568,NonResidential,Warehouse,GREATER DUWAMISH,Retail Store,Office,3,2,0,1,1,0
937950.625,9.65,22580.0,0.0,0.0,90.0,1.0,1,0,89,22580.0,1.0,1.0,0.0,0.0,NonResidential,Small- and Mid-Sized Office,GREATER DUWAMISH,No_Second_Use,No_Third_Use,3,0,1,1,1,0
877874.875,33.52,20000.0,0.0,0.0,18.0,1.0,1,0,90,20000.0,1.0,1.0,0.0,0.0,NonResidential,Warehouse,CENTRAL,No_Second_Use,No_Third_Use,3,0,1,1,1,0
2298245.25,82.07,38000.0,4000.0,0.0,,1.0,1,0,62,42000.0,1.0,0.9047619047619048,0.09523809523809523,0.0,NonResidential,Warehouse,CENTRAL,Office,No_Third_Use,2,2,0,1,1,0
11314740.0,292.8,244500.0,0.0,0.0,100.0,1.0,6,0,7,40750.0,1.0,1.0,0.0,0.0,NonResidential,Senior Care Community,NORTH,No_Second_Use,No_Third_Use,0,4,1,1,1,0
3363692.75,22.62,84710.0,42355.0,0.0,,1.0,3,84710,7,42355.0,0.3333333333333333,0.6666666666666666,0.3333333333333333,0.0,NonResidential,Other,GREATER DUWAMISH,Office,No_Third_Use,0,3,0,1,0,0
1988034.875,58.36,37247.0,0.0,0.0,69.0,1.0,1,0,52,37247.0,1.0,1.0,0.0,0.0,NonResidential,Retail Store,GREATER DUWAMISH,No_Second_Use,No_Third_Use,2,1,1,1,1,0
3207111.5,77.23,23468.0,0.0,0.0,11.0,1.0,1,0,23,25384.0,1.0,0.9245193822880554,0.0,0.0,NonResidential,Retail Store,BALLARD,No_Second_Use,No_Third_Use,1,0,1,1,1,0
671037.375,25.15,32000.0,0.0,0.0,34.0,1.0,2,0,116,26055.0,1.0,0.6140855881788524,0.0,0.0,NonResidential,Warehouse,GREATER DUWAMISH,No_Second_Use,No_Third_Use,3,2,1,1,1,0
1633524.125,39.25,27636.0,13611.0,0.0,,1.0,2,0,79,19518.0,1.0,0.7079618813403012,0.3486781432523824,0.0,NonResidential,Small- and Mid-Sized Office,GREATER DUWAMISH,Other,No_Third_Use,3,2,0,1,1,0
841208.1875,14.99,24000.0,8874.0,1000.0,96.0,1.0,1,0,93,26310.0,1.0,0.9122006841505131,0.3372862029646522,0.03800836183960471,NonResidential,Small- and Mid-Sized Office,GREATER DUWAMISH,Non-Refrigerated Warehouse,Social/Meeting Hall,3,0,1,1,1,0
1478408.125,54.27,31375.0,0.0,0.0,95.0,1.0,3,0,54,9958.0,1.0,1.0502443596438376,0.0,0.0,NonResidential,K-12 School,DELRIDGE,No_Second_Use,No_Third_Use,2,1,1,1,1,0
1164370.875,47.08,22000.0,0.0,0.0,35.0,1.0,1,0,51,20140.0,1.0,1.0923535253227408,0.0,0.0,NonResidential,Worship Facility,MAGNOLIA / QUEEN ANNE,Parking,No_Third_Use,2,0,1,1,1,0
1393424.5,44.97,71874.0,0.0,0.0,,1.0,2,31389,26,35937.0,0.5632774021203774,1.0,0.0,0.0,NonResidential,Self-Storage Facility,NORTHWEST,No_Second_Use,No_Third_Use,1,3,0,1,1,0
1608929.125,28.05,30100.0,0.0,0.0,93.0,1.0,2,0,45,19976.5,1.0,0.75338522764248,0.0,0.0,NonResidential,Small- and Mid-Sized Office,CENTRAL,No_Second_Use,No_Third_Use,2,2,1,1,1,0
1652954.75,11.69,14168.0,7032.0,0.0,15.0,1.0,2,0,18,10600.0,1.0,0.6683018867924528,0.33169811320754716,0.0,NonResidential,Retail Store,CENTRAL,Office,No_Third_Use,1,0,1,1,0,0
6194518.0,42.24,28470.0,2442.0,0.0,27.0,1.0,1,0,36,30630.0,1.0,0.9294809010773751,0.07972575905974534,0.0,NonResidential,Supermarket / Grocery Store,CENTRAL,Other,No_Third_Use,1,1,1,1,0,0
1955353.0,13.22,19271.0,4150.0,0.0,25.0,1.0,2,0,36,11710.5,1.0,0.8228085905811025,0.17719140941889758,0.0,NonResidential,Retail Store,CENTRAL,Bank Branch,No_Third_Use,1,0,1,1,0,0
6499178.0,256.31,117116.0,0.0,0.0,83.0,1.0,3,0,85,39038.666666666664,1.0,1.0,0.0,0.0,SPS-District K-12,K-12 School,BALLARD,No_Second_Use,No_Third_Use,3,3,1,1,1,0
1024822.188,31.54,24120.0,0.0,0.0,66.0,1.0,2,0,88,12060.0,1.0,1.0,0.0,0.0,NonResidential,Worship Facility,BALLARD,No_Second_Use,No_Third_Use,3,0,1,1,1,0
1342448.875,51.15,28970.0,6766.0,0.0,88.0,1.0,3,0,87,11912.0,1.0,0.8106671143944482,0.18933288560555184,0.0,NonResidential,Worship Facility,BALLARD,Office,No_Third_Use,3,1,1,1,1,0
1355995.25,27.75,49500.0,0.0,0.0,10.0,1.0,1,0,75,51050.0,1.0,0.9696376101860921,0.0,0.0,NonResidential,Warehouse,GREATER DUWAMISH,No_Second_Use,No_Third_Use,3,2,1,1,1,0
1439042.25,42.66,21900.0,0.0,0.0,40.0,1.0,2,0,62,10950.0,1.0,1.0,0.0,0.0,NonResidential,Retail Store,GREATER DUWAMISH,No_Second_Use,No_Third_Use,2,0,1,1,1,0
1386445.375,9.67,33462.0,0.0,0.0,1.0,1.0,1,0,52,33462.0,1.0,1.0,0.0,0.0,NonResidential,Warehouse,GREATER DUWAMISH,No_Second_Use,No_Third_Use,2,1,1,1,0,0
1519845.5,44.68,10471.0,9875.0,8877.0,,1.0,1,0,64,35310.0,1.0,0.2965448881336732,0.2796658170489946,0.2514018691588785,NonResidential,Mixed Use Property,GREATER DUWAMISH,Non-Refrigerated Warehouse,Refrigerated Warehouse,2,1,0,1,1,0
4653535.0,32.44,34733.0,0.0,0.0,,1.0,3,0,54,12046.666666666666,1.0,0.9610680686220254,0.0,0.0,NonResidential,Other,GREATER DUWAMISH,No_Second_Use,No_Third_Use,2,1,0,1,0,0
486884.9063,14.37,18350.0,4500.0,0.0,65.0,1.0,1,0,86,23903.0,1.0,0.7676860645107308,0.18826088775467514,0.0,NonResidential,Warehouse,DOWNTOWN,Worship Facility,No_Third_Use,3,0,1,1,1,0
630412.625,23.52,22522.0,0.0,0.0,,1.0,3,0,69,7507.333333333333,1.0,1.0,0.0,0.0,NonResidential,Self-Storage Facility,NORTHEAST,No_Second_Use,No_Third_Use,3,0,0,1,1,0
963968.1875,23.84,38959.0,0.0,0.0,,1.0,4,0,20,9739.75,1.0,1.0,0.0,0.0,NonResidential,Self-Storage Facility,NORTHEAST,No_Second_Use,No_Third_Use,1,2,0,1,1,0
1218112.0,8.49,14150.0,8745.0,3060.0,,1.0,2,0,88,12977.5,1.0,0.5451743402041995,0.3369293007127721,0.11789635908302831,NonResidential,Warehouse,GREATER DUWAMISH,Other - Services,Office,3,0,0,1,0,0
2412536.25,78.19,46100.0,0.0,0.0,75.0,1.0,4,0,93,11525.0,1.0,1.0,0.0,0.0,Campus,K-12 School,EAST,Parking,No_Third_Use,3,2,1,1,1,1
686216.5,28.78,21936.0,0.0,0.0,96.0,1.0,2,0,65,10968.0,1.0,1.0,0.0,0.0,NonResidential,Worship Facility,NORTHWEST,No_Second_Use,No_Third_Use,2,0,1,1,1,0
2484501.5,41.96,25406.0,0.0,0.0,,1.0,1,0,56,25406.0,1.0,1.0,0.0,0.0,NonResidential,Other,NORTH,No_Second_Use,No_Third_Use,2,0,0,1,1,0
888432.5,6.3,22014.0,0.0,0.0,55.0,1.0,2,0,49,11625.0,1.0,0.9468387096774193,0.0,0.0,NonResidential,Small- and Mid-Sized Office,SOUTHEAST,No_Second_Use,No_Third_Use,2,0,1,1,0,0
3246531.0,120.72,30000.0,0.0,0.0,32.0,1.0,1,0,56,30000.0,1.0,1.0,0.0,0.0,NonResidential,Warehouse,GREATER DUWAMISH,Parking,No_Third_Use,2,1,1,1,1,0
1989787.875,49.53,21110.0,14074.0,6755.0,,1.0,1,0,54,45036.0,1.0,0.46873612221334043,0.3125055511146638,0.14999111821653788,Nonresidential COS,Warehouse,GREATER DUWAMISH,"Repair Services (Vehicle, Shoe, Locksmith, etc)",Office,2,2,0,1,1,0
26932200.0,449.59,311521.0,303000.0,141450.0,65.0,1.0,39,112124,7,27552.615384615383,0.8956551195288828,0.28990779413188006,0.28197797779912,0.13163625399236148,NonResidential,Mixed Use Property,DOWNTOWN,Hotel,Parking,0,4,1,1,1,0
17612938.0,588.25,101035.0,2000.0,0.0,,1.0,2,0,57,61339.5,1.0,0.8235720865021723,0.016302708695049684,0.0,NonResidential,University,MAGNOLIA / QUEEN ANNE,Restaurant,No_Third_Use,2,3,0,1,1,0
1075427.75,14.64,23022.0,0.0,0.0,78.0,1.0,4,0,36,5755.5,1.0,1.0,0.0,0.0,NonResidential,Small- and Mid-Sized Office,NORTH,No_Second_Use,No_Third_Use,1,0,1,1,1,0
2408141.75,17.22,22000.0,2700.0,2500.0,,1.0,1,0,49,27263.0,1.0,0.8069544804313539,0.09903532259839343,0.09169937277629021,NonResidential,Refrigerated Warehouse,GREATER DUWAMISH,Other,Office,2,1,0,1,0,0
3344952.0,125.59,33000.0,0.0,0.0,12.0,1.0,1,0,54,31569.0,1.0,1.0453292787227977,0.0,0.0,NonResidential,Warehouse,GREATER DUWAMISH,No_Second_Use,No_Third_Use,2,1,1,1,1,0
1163530.25,36.82,31184.0,8800.0,0.0,75.0,1.0,1,0,60,39984.0,1.0,0.7799119647859144,0.22008803521408563,0.0,NonResidential,Warehouse,GREATER DUWAMISH,Office,No_Third_Use,2,2,1,1,1,0
826275.1875,27.93,26440.0,0.0,0.0,91.0,1.0,1,0,110,26440.0,1.0,1.0,0.0,0.0,NonResidential,Worship Facility,EAST,No_Second_Use,No_Third_Use,3,1,1,1,1,0
1266706.875,29.44,28800.0,0.0,0.0,,1.0,2,0,60,14400.0,1.0,1.0,0.0,0.0,NonResidential,Self-Storage Facility,GREATER DUWAMISH,No_Second_Use,No_Third_Use,2,1,0,1,1,0
1300765.5,28.64,31100.0,0.0,0.0,92.0,4.0,2,0,7,14250.0,1.0,1.0912280701754387,0.0,0.0,NonResidential,K-12 School,CENTRAL,No_Second_Use,No_Third_Use,0,1,1,1,1,0
3717064.0,97.27,13592.0,12927.0,0.0,,1.0,2,0,38,13259.5,1.0,0.5125381801727064,0.48746181982729364,0.0,NonResidential,Restaurant,LAKE UNION,Office,No_Third_Use,2,1,0,1,1,0
3711173.0,116.94,26300.0,0.0,0.0,,1.0,2,0,95,13150.0,1.0,1.0,0.0,0.0,NonResidential,Other,MAGNOLIA / QUEEN ANNE,No_Second_Use,No_Third_Use,3,0,0,1,1,0
840549.375,5.86,21915.0,0.0,0.0,77.0,1.0,3,0,67,7785.0,1.0,0.9383429672447013,0.0,0.0,NonResidential,Small- and Mid-Sized Office,LAKE UNION,No_Second_Use,No_Third_Use,3,0,1,1,0,0
3840161.75,101.21,29255.0,1180.0,0.0,30.0,1.0,4,0,51,7710.0,1.0,0.9486057068741893,0.03826199740596628,0.0,NonResidential,Small- and Mid-Sized Office,MAGNOLIA / QUEEN ANNE,Restaurant,No_Third_Use,2,1,1,1,1,0
431857.6875,10.99,20332.0,0.0,0.0,,1.0,1,0,70,20332.0,1.0,1.0,0.0,0.0,NonResidential,Other,NORTHEAST,No_Second_Use,No_Third_Use,3,0,0,1,1,0
359962.5938,13.09,21850.0,0.0,0.0,100.0,1.0,1,0,116,21850.0,1.0,1.0,0.0,0.0,NonResidential,Worship Facility,CENTRAL,No_Second_Use,No_Third_Use,3,0,1,1,1,0
1500695.375,34.62,12600.0,6985.0,6576.0,,1.0,4,6985,19,8070.5,0.7836255498420173,0.3903103896908494,0.2163744501579828,0.20370485100055757,NonResidential,Mixed Use Property,NORTHEAST,Parking,Other,1,1,0,1,1,0
9691704.0,66.32,162422.0,83064.0,55065.0,,1.0,13,83064,33,23658.23076923077,0.729923233742038,0.528103733616858,0.27007676625796195,0.17903998283245057,NonResidential,Large Office,DOWNTOWN,Parking,Multifamily Housing,1,4,0,1,0,0
498364.9063,11.85,28309.0,0.0,0.0,,1.0,2,0,98,14154.5,1.0,1.0,0.0,0.0,NonResidential,Self-Storage Facility,MAGNOLIA / QUEEN ANNE,No_Second_Use,No_Third_Use,3,1,0,1,1,0
2934339.25,122.0,45500.0,0.0,0.0,77.0,1.0,4,0,102,11375.0,1.0,1.0,0.0,0.0,NonResidential,Hotel,DOWNTOWN,No_Second_Use,No_Third_Use,3,2,1,1,1,1
2142457.5,14.35,29258.0,2409.0,0.0,,1.0,5,0,116,7675.2,1.0,0.7624035855743173,0.06277360850531583,0.0,NonResidential,Small- and Mid-Sized Office,DOWNTOWN,Retail Store,No_Third_Use,3,1,0,1,0,0
1598032.0,46.53,24120.0,6583.0,0.0,,1.0,4,0,116,10701.0,1.0,0.5634987384356602,0.1537940379403794,0.0,NonResidential,Small- and Mid-Sized Office,DOWNTOWN,Retail Store,No_Third_Use,3,2,0,1,1,0
1355968.5,18.76,26639.0,2820.0,2377.0,,1.0,4,0,116,8325.0,1.0,0.7999699699699699,0.08468468468468468,0.07138138138138138,NonResidential,Small- and Mid-Sized Office,DOWNTOWN,Restaurant,Retail Store,3,1,0,1,1,0
3930355.5,50.05,19749.0,9148.0,0.0,,1.0,2,0,48,14749.0,1.0,0.6695030171537053,0.3101227201844193,0.0,NonResidential,Warehouse,MAGNOLIA / QUEEN ANNE,Office,No_Third_Use,2,1,0,1,1,0
486485.3125,3.25,23050.0,0.0,0.0,27.0,1.0,1,0,78,23050.0,1.0,1.0,0.0,0.0,NonResidential,Warehouse,LAKE UNION,No_Second_Use,No_Third_Use,3,0,1,1,0,0
1656820.0,20.66,46000.0,0.0,0.0,82.0,1.0,1,0,86,46059.0,1.0,0.9987190342821164,0.0,0.0,NonResidential,Retail Store,NORTHEAST,No_Second_Use,No_Third_Use,3,2,1,1,1,0
823716.875,6.53,23595.0,0.0,0.0,72.0,1.0,2,0,46,11797.5,1.0,1.0,0.0,0.0,NonResidential,Medical Office,NORTHEAST,No_Second_Use,No_Third_Use,2,0,1,1,1,0
911154.125,34.08,28142.0,0.0,0.0,96.0,1.0,3,0,116,9380.666666666666,1.0,1.0,0.0,0.0,NonResidential,Small- and Mid-Sized Office,DOWNTOWN,No_Second_Use,No_Third_Use,3,1,1,1,1,1
2726126.75,124.59,12314.0,6020.0,6000.0,,1.0,3,0,116,9586.666666666666,1.0,0.4281641168289291,0.20931849791376914,0.2086230876216968,NonResidential,Small- and Mid-Sized Office,DOWNTOWN,Retail Store,Non-Refrigerated Warehouse,3,1,0,1,1,1
773324.6875,13.69,32001.0,6685.0,0.0,99.0,1.0,4,0,114,9757.5,1.0,0.8199077632590315,0.17127850371509096,0.0,NonResidential,Small- and Mid-Sized Office,DOWNTOWN,Retail Store,No_Third_Use,3,2,1,1,1,0
4489734.5,69.53,36280.0,23154.0,0.0,,1.0,2,27000,90,30790.0,0.5615459564793764,0.5891523221825268,0.37599870087690807,0.0,Nonresidential COS,Other,EAST,Parking,No_Third_Use,3,2,0,1,1,0
1361277.25,25.53,29720.0,1000.0,0.0,,1.0,3,0,99,10240.0,1.0,0.9674479166666666,0.032552083333333336,0.0,NonResidential,Small- and Mid-Sized Office,EAST,Retail Store,No_Third_Use,3,1,0,1,1,0
412562.4063,2.88,9750.0,9212.0,2450.0,,1.0,2,0,100,10320.0,1.0,0.47238372093023256,0.44631782945736437,0.1187015503875969,NonResidential,Mixed Use Property,EAST,Office,Restaurant,3,0,0,1,0,0
1314474.5,9.29,14983.0,10638.0,5837.0,,1.0,2,0,104,17457.0,1.0,0.4291401729965057,0.3046915277539096,0.1671822191670963,NonResidential,Mixed Use Property,EAST,Restaurant,Office,3,1,0,1,0,0
1031474.188,17.79,10228.0,3433.0,3400.0,,1.0,3,0,110,6965.666666666667,1.0,0.48944824615973587,0.164281954347514,0.16270278030339283,NonResidential,Small- and Mid-Sized Office,EAST,Retail Store,Non-Refrigerated Warehouse,3,0,0,1,1,0
1213909.875,20.76,22866.0,0.0,0.0,,1.0,3,0,103,7622.0,1.0,1.0,0.0,0.0,NonResidential,Small- and Mid-Sized Office,EAST,No_Second_Use,No_Third_Use,3,0,0,1,1,0
1316900.75,18.19,32205.0,714.0,0.0,78.0,1.0,1,0,96,30240.0,1.0,1.0649801587301588,0.02361111111111111,0.0,NonResidential,Retail Store,EAST,Restaurant,No_Third_Use,3,1,1,1,1,0
5078204.0,35.4,27022.0,0.0,0.0,,1.0,2,0,54,14293.0,1.0,0.9452879031693836,0.0,0.0,NonResidential,Other,NORTHEAST,No_Second_Use,No_Third_Use,2,1,0,1,0,0
3605755.5,25.14,24227.0,9127.0,0.0,2.0,1.0,3,0,37,11734.0,1.0,0.6882279415942276,0.25927504119084144,0.0,NonResidential,Small- and Mid-Sized Office,DOWNTOWN,Bank Branch,No_Third_Use,2,1,1,1,0,0
7437745.0,183.79,69035.0,26082.0,0.0,1.0,1.0,6,26082,47,15852.833333333334,0.7257903424203875,0.7257903424203875,0.27420965757961246,0.0,NonResidential,Senior Care Community,EAST,Parking,No_Third_Use,2,3,1,1,1,0
347690.5938,5.66,24600.0,0.0,0.0,69.0,1.0,2,0,106,12300.0,1.0,1.0,0.0,0.0,NonResidential,Worship Facility,EAST,No_Second_Use,No_Third_Use,3,0,1,1,1,0
1259282.25,65.05,28725.0,4325.0,3700.0,,1.0,1,0,116,48850.0,1.0,0.5880245649948823,0.08853633572159672,0.07574206755373593,NonResidential,Worship Facility,EAST,Office,Other,3,2,0,1,1,1
2044286.625,65.89,13393.0,7500.0,4107.0,,1.0,1,0,52,25000.0,1.0,0.53572,0.3,0.16428,NonResidential,Warehouse,GREATER DUWAMISH,Food Sales,Office,2,0,0,1,1,0
342696.3125,8.61,24000.0,1000.0,0.0,,1.0,1,0,56,25000.0,1.0,0.96,0.04,0.0,NonResidential,Warehouse,GREATER DUWAMISH,Office,No_Third_Use,2,0,0,1,1,0
872014.3125,26.56,23000.0,0.0,0.0,,1.0,1,0,89,22622.0,1.0,1.0167093979312174,0.0,0.0,NonResidential,Other,GREATER DUWAMISH,No_Second_Use,No_Third_Use,3,0,0,1,1,0
1092060.75,17.41,22365.0,3744.0,0.0,94.0,1.0,3,0,99,9181.333333333334,1.0,0.811973569561429,0.1359279697937845,0.0,NonResidential,Small- and Mid-Sized Office,EAST,Parking,No_Third_Use,3,1,1,1,1,0
1552850.625,10.31,25884.0,7000.0,5713.0,,1.0,7,0,27,6773.571428571428,1.0,0.5459031951913951,0.1476326057154909,0.12048929663608562,NonResidential,Small- and Mid-Sized Office,DOWNTOWN,Parking,Multifamily Housing,1,2,0,1,0,0
2447325.5,95.38,22960.0,0.0,0.0,,1.0,3,0,55,7653.333333333333,1.0,1.0,0.0,0.0,NonResidential,Other,MAGNOLIA / QUEEN ANNE,No_Second_Use,No_Third_Use,2,0,0,1,1,0
2675057.75,120.86,21194.0,12923.0,3720.0,,1.0,1,0,68,22778.0,1.0,0.9304592150320484,0.567345684432347,0.1633154798489771,NonResidential,Mixed Use Property,NORTHEAST,Office,Restaurant,3,0,0,1,1,0
1000251.875,37.28,21052.0,400.0,0.0,20.0,1.0,2,0,60,10781.0,1.0,0.9763472776180318,0.018551154809386884,0.0,NonResidential,Worship Facility,BALLARD,Pre-school/Daycare,No_Third_Use,2,0,1,1,1,0
1612521.0,62.51,25753.0,0.0,0.0,,1.0,1,0,57,25753.0,1.0,1.0,0.0,0.0,NonResidential,Other,CENTRAL,No_Second_Use,No_Third_Use,2,0,0,1,1,0
22092840.0,792.6,148590.0,72317.0,4722.0,51.0,1.0,16,0,53,9582.0,1.0,0.9692000626174077,0.4716982362763515,0.03079993738259236,NonResidential,Senior Care Community,EAST,Parking,Worship Facility,2,4,1,1,1,0
27917688.0,393.29,319361.0,181047.0,177210.0,87.0,1.0,19,201857,7,63508.94736842105,0.8327156554816147,0.2646630810412126,0.1500385358051497,0.14685871033505432,NonResidential,Mixed Use Property,DOWNTOWN,Multifamily Housing,Parking,0,4,1,1,1,0
900697.125,22.38,24200.0,0.0,0.0,73.0,1.0,1,0,48,24200.0,1.0,1.0,0.0,0.0,NonResidential,Worship Facility,SOUTHEAST,Parking,No_Third_Use,2,0,1,1,1,0
1778251.875,49.79,15200.0,2600.0,1800.0,,1.0,4,2211,35,5878.25,0.9059669119210649,0.646450899502403,0.11057712754646366,0.07655339599370561,NonResidential,Residence Hall,MAGNOLIA / QUEEN ANNE,Office,Social/Meeting Hall,1,0,0,1,1,0
3823703.75,58.79,34000.0,1400.0,0.0,,1.0,1,0,66,36000.0,1.0,0.9444444444444444,0.03888888888888889,0.0,NonResidential,Other,GREATER DUWAMISH,Office,No_Third_Use,2,1,0,1,1,0
1331981.25,55.06,15006.0,0.0,0.0,62.0,1.0,2,0,78,11611.0,1.0,0.6461975712686245,0.0,0.0,NonResidential,K-12 School,NORTHWEST,No_Second_Use,No_Third_Use,3,0,1,1,1,0
2800725.0,91.69,7501.0,5872.0,5375.0,,1.0,2,0,92,12238.0,1.0,0.30646347442392546,0.2399084817780683,0.219602876286975,NonResidential,Mixed Use Property,EAST,Office,Retail Store,3,0,0,1,1,0
3928621.25,121.63,48783.0,0.0,0.0,52.0,1.0,3,0,112,20000.0,1.0,0.81305,0.0,0.0,NonResidential,K-12 School,EAST,No_Second_Use,No_Third_Use,3,2,1,1,1,0
734550.6875,17.31,46560.0,0.0,0.0,,1.0,2,0,62,23280.0,1.0,1.0,0.0,0.0,NonResidential,Other,EAST,No_Second_Use,No_Third_Use,2,2,0,1,1,0
1469861.875,10.04,25000.0,5408.0,0.0,61.0,1.0,3,0,36,10136.0,1.0,0.8221520652459879,0.17784793475401212,0.0,NonResidential,Other,MAGNOLIA / QUEEN ANNE,Parking,No_Third_Use,1,1,1,1,0,0
1589657.75,34.03,28400.0,7200.0,0.0,89.0,1.0,3,0,96,10036.333333333334,1.0,0.9432395629213857,0.239131156796971,0.0,NonResidential,Small- and Mid-Sized Office,MAGNOLIA / QUEEN ANNE,Parking,No_Third_Use,3,1,1,1,1,0
1052797.5,38.59,25481.0,0.0,0.0,92.0,1.0,2,0,56,12740.5,1.0,1.0,0.0,0.0,NonResidential,Small- and Mid-Sized Office,MAGNOLIA / QUEEN ANNE,No_Second_Use,No_Third_Use,2,0,1,1,1,0
20378838.0,717.93,141297.0,0.0,0.0,76.0,1.0,1,0,49,141297.0,1.0,1.0,0.0,0.0,NonResidential,Senior Care Community,SOUTHEAST,No_Second_Use,No_Third_Use,2,4,1,1,1,0
2127889.25,35.99,32610.0,4874.0,0.0,73.0,1.0,2,0,104,13894.0,1.0,1.173528141643875,0.17539945300129553,0.0,NonResidential,Small- and Mid-Sized Office,LAKE UNION,Other - Restaurant/Bar,No_Third_Use,3,1,1,1,1,0
1974631.125,58.52,41704.0,0.0,0.0,73.0,1.0,4,8584,26,10426.0,0.7941684250911184,1.0,0.0,0.0,NonResidential,Hotel,NORTHWEST,No_Second_Use,No_Third_Use,1,2,1,1,1,0
723060.1875,22.33,21000.0,0.0,0.0,53.0,1.0,2,0,75,11162.0,1.0,0.9406916323239563,0.0,0.0,NonResidential,Warehouse,GREATER DUWAMISH,No_Second_Use,No_Third_Use,3,0,1,1,1,0
1886366.625,39.65,32000.0,0.0,0.0,,1.0,2,0,70,15680.0,1.0,1.0204081632653061,0.0,0.0,NonResidential,Other,GREATER DUWAMISH,No_Second_Use,No_Third_Use,3,1,0,1,1,0
2217613.5,46.01,14344.0,10272.0,8012.0,,1.0,1,0,69,30496.0,1.0,0.4703567681007345,0.33683105981112277,0.2627229800629591,NonResidential,Mixed Use Property,GREATER DUWAMISH,Manufacturing/Industrial Plant,Office,3,1,0,1,1,0
1103795.25,12.57,13175.0,9175.0,0.0,84.0,1.0,3,0,94,9200.0,1.0,0.4773550724637681,0.33242753623188404,0.0,NonResidential,Small- and Mid-Sized Office,EAST,Retail Store,No_Third_Use,3,1,1,1,1,0
6412428.0,203.21,56000.0,0.0,0.0,98.0,1.0,2,0,55,27987.0,1.0,1.0004645013756386,0.0,0.0,NonResidential,Senior Care Community,Northwest,No_Second_Use,No_Third_Use,2,2,1,1,1,0
2123591.75,70.92,22583.0,0.0,0.0,95.0,1.0,1,0,62,22583.0,1.0,1.0,0.0,0.0,NonResidential,Senior Care Community,NORTH,No_Second_Use,No_Third_Use,2,0,1,1,1,0
735909.0,5.02,24914.0,4720.0,0.0,92.0,1.0,3,6034,35,8898.0,0.773956694388252,0.9333183486925901,0.17681876077021053,0.0,NonResidential,Small- and Mid-Sized Office,LAKE UNION,Parking,No_Third_Use,1,1,1,1,0,0
1269576.0,41.88,22452.0,0.0,0.0,85.0,1.0,3,0,24,7484.0,1.0,1.0,0.0,0.0,NonResidential,Hotel,GREATER DUWAMISH,No_Second_Use,No_Third_Use,1,0,1,1,1,0
1620383.625,11.02,17434.0,0.0,0.0,22.0,1.0,2,0,104,12883.5,1.0,0.6766018550859627,0.0,0.0,NonResidential,Other,NORTHEAST,No_Second_Use,No_Third_Use,3,0,1,1,0,0
1904055.75,38.21,14585.0,14462.0,0.0,75.0,1.0,4,0,63,8477.5,1.0,0.4301091123562371,0.4264818637570038,0.0,NonResidential,Retail Store,NORTHEAST,Office,No_Third_Use,2,1,1,1,1,0
2846592.0,87.41,62400.0,9940.0,4960.0,,1.0,2,0,89,39200.5,1.0,0.7959082154564355,0.1267840971416181,0.06326449917730641,NonResidential,Worship Facility,NORTHEAST,Office,K-12 School,3,3,0,1,1,0
4311327.5,48.13,41275.0,29399.0,6278.0,38.0,1.0,2,0,37,39358.0,1.0,0.5243533716144113,0.37348188424208545,0.07975506885512475,NonResidential,Warehouse,LAKE UNION,Office,Retail Store,2,3,1,1,1,0
1903636.375,69.2,30740.0,0.0,0.0,92.0,1.0,2,0,106,16650.0,1.0,0.9231231231231232,0.0,0.0,NonResidential,K-12 School,LAKE UNION,No_Second_Use,No_Third_Use,3,1,1,1,1,0
1181649.25,7.67,20962.0,7004.0,0.0,58.0,1.0,1,7004,59,27966.0,0.74955302867768,0.74955302867768,0.25044697132231997,0.0,NonResidential,Small- and Mid-Sized Office,NORTHEAST,Parking,No_Third_Use,2,1,1,1,0,0
1223177.375,8.09,19183.0,19183.0,0.0,17.0,1.0,2,15755,40,17474.0,0.5491873640837817,0.5489012246766625,0.5489012246766625,0.0,NonResidential,Mixed Use Property,NORTHEAST,Parking,No_Third_Use,2,1,1,1,0,0
6197824.5,43.21,20434.0,7557.0,0.0,,1.0,3,9999,18,12546.333333333334,0.734344695661415,0.5428943383192965,0.20077579106777543,0.0,NonResidential,Small- and Mid-Sized Office,LAKE UNION,Laboratory,No_Third_Use,1,1,0,1,0,0
812371.625,9.72,10420.0,5000.0,2000.0,,1.0,1,0,116,21420.0,1.0,0.4864612511671335,0.2334267040149393,0.09337068160597572,NonResidential,Other,DOWNTOWN,Bar/Nightclub,Supermarket/Grocery Store,3,0,0,1,1,0
683274.0,4.76,20880.0,0.0,0.0,94.0,1.0,1,0,116,20880.0,1.0,1.0,0.0,0.0,NonResidential,Small- and Mid-Sized Office,DOWNTOWN,No_Second_Use,No_Third_Use,3,0,1,1,0,0
1063035.875,18.62,13000.0,13000.0,0.0,,1.0,3,0,50,8666.666666666666,1.0,0.5,0.5,0.0,NonResidential,Mixed Use Property,DOWNTOWN,Other - Entertainment/Public Assembly,No_Third_Use,2,0,0,1,1,0
1956121.125,43.91,12100.0,4281.0,0.0,,1.0,3,0,116,12891.666666666666,1.0,0.31286360698125404,0.11069166127989657,0.0,NonResidential,Small- and Mid-Sized Office,DOWNTOWN,Restaurant,No_Third_Use,3,1,0,1,1,0
5683758.0,185.33,32039.0,24035.0,0.0,,1.0,4,0,87,12487.75,1.0,0.6414085804088007,0.4811715481171548,0.0,Nonresidential COS,Small- and Mid-Sized Office,DOWNTOWN,Other,No_Third_Use,3,2,0,1,1,1
1956483.5,19.81,25880.0,0.0,0.0,8.0,1.0,2,0,6,12940.0,1.0,1.0,0.0,0.0,NonResidential,Medical Office,SOUTHEAST,No_Second_Use,No_Third_Use,0,0,1,1,1,0
1191549.25,37.43,32098.0,2310.0,0.0,,1.0,3,0,89,13671.0,1.0,0.7826298978372711,0.05632360471070148,0.0,NonResidential,Worship Facility,NORTHEAST,Office,No_Third_Use,3,2,0,1,1,0
1715969.625,53.88,18075.0,3000.0,0.0,,1.0,2,0,12,10537.5,1.0,0.8576512455516014,0.1423487544483986,0.0,NonResidential,Other,NORTHEAST,Office,No_Third_Use,0,0,0,1,1,0
1689227.75,47.03,63922.0,0.0,0.0,83.0,1.0,3,0,66,15495.0,1.0,1.3751102506184791,0.0,0.0,NonResidential,Worship Facility,NORTHEAST,No_Second_Use,No_Third_Use,2,2,1,1,1,0
1507071.5,28.46,40768.0,16128.0,0.0,96.0,1.0,4,0,51,14224.0,1.0,0.7165354330708661,0.28346456692913385,0.0,NonResidential,Small- and Mid-Sized Office,NORTHWEST,Parking,No_Third_Use,2,2,1,1,1,0
654455.1875,14.79,27500.0,0.0,0.0,60.0,1.0,2,0,38,13750.0,1.0,1.0,0.0,0.0,NonResidential,Worship Facility,NORTHWEST,No_Second_Use,No_Third_Use,2,1,1,1,1,0
1103594.75,7.69,41920.0,0.0,0.0,95.0,1.0,5,0,110,8384.0,1.0,1.0,0.0,0.0,NonResidential,Small- and Mid-Sized Office,DOWNTOWN,No_Second_Use,No_Third_Use,3,2,1,1,0,0
1664247.375,26.94,44000.0,0.0,0.0,92.0,1.0,5,0,111,7375.8,1.0,1.1930909189511647,0.0,0.0,NonResidential,Small- and Mid-Sized Office,DOWNTOWN,No_Second_Use,No_Third_Use,3,1,1,1,1,0
1624991.375,35.72,29820.0,0.0,0.0,,1.0,6,0,112,4970.0,1.0,1.0,0.0,0.0,NonResidential,Other,DOWNTOWN,No_Second_Use,No_Third_Use,3,1,0,1,1,0
1567040.75,10.92,26416.0,9531.0,7537.0,18.0,1.0,4,0,110,10871.0,1.0,0.6074878116088677,0.2191840677030632,0.1733281206880692,NonResidential,Warehouse,DOWNTOWN,Retail Store,Office,3,2,1,1,0,0
981009.125,6.84,10800.0,10800.0,7200.0,,1.0,3,0,116,7493.333333333333,1.0,0.4804270462633452,0.4804270462633452,0.3202846975088968,NonResidential,Mixed Use Property,DOWNTOWN,Other,Retail Store,3,0,0,1,0,0
5153234.0,173.67,23193.0,6165.0,0.0,49.0,1.0,4,0,91,8254.5,1.0,0.7024350354352171,0.18671633654370343,0.0,NonResidential,Hotel,DOWNTOWN,Retail Store,No_Third_Use,3,1,1,1,1,0
1017753.188,11.18,30800.0,0.0,0.0,91.0,1.0,2,0,46,13255.0,1.0,1.161825726141079,0.0,0.0,NonResidential,Small- and Mid-Sized Office,DOWNTOWN,No_Second_Use,No_Third_Use,2,1,1,1,1,0
942415.1875,6.76,33222.0,10208.0,6200.0,80.0,1.0,1,0,78,40028.0,1.0,0.8299690216848207,0.2550214849605276,0.1548915758968722,NonResidential,Warehouse,LAKE UNION,Retail Store,Office,3,2,1,1,1,0
2250450.5,15.25,26282.0,18228.0,0.0,23.0,1.0,3,18228,9,14836.666666666666,0.5904740507751067,0.5904740507751067,0.40952594922489327,0.0,NonResidential,Small- and Mid-Sized Office,LAKE UNION,Parking,No_Third_Use,0,2,1,1,0,0
730124.5,20.96,21624.0,0.0,0.0,90.0,1.0,1,0,62,21624.0,1.0,1.0,0.0,0.0,NonResidential,Worship Facility,NORTH,No_Second_Use,No_Third_Use,2,0,1,1,1,0
791926.875,20.78,10060.0,5280.0,5280.0,,1.0,3,0,107,6873.333333333333,1.0,0.48787584869059164,0.2560620756547042,0.2560620756547042,NonResidential,Mixed Use Property,DOWNTOWN,Retail Store,Social/Meeting Hall,3,0,0,1,1,0
1377497.25,53.25,40552.0,0.0,0.0,99.0,1.0,5,0,106,8110.4,1.0,1.0,0.0,0.0,NonResidential,Hotel,DOWNTOWN,No_Second_Use,No_Third_Use,3,2,1,1,1,0
1439572.375,10.04,23059.0,7125.0,1248.0,,1.0,3,0,107,10477.333333333334,1.0,0.7336154237719521,0.22667981674726392,0.03970475948078391,NonResidential,Small- and Mid-Sized Office,DOWNTOWN,Other,Multifamily Housing,3,1,0,1,0,0
1031447.625,6.73,13500.0,11050.0,0.0,100.0,1.0,2,0,99,12275.0,1.0,0.5498981670061099,0.45010183299389,0.0,NonResidential,Retail Store,DOWNTOWN,Office,No_Third_Use,3,0,1,1,1,0
1028277.313,34.61,13364.0,8420.0,0.0,,1.0,3,0,108,8621.333333333334,1.0,0.5167027528611197,0.3255490256727498,0.0,NonResidential,Other,CENTRAL,Office,No_Third_Use,3,0,0,1,1,0
1321763.125,42.71,20686.0,0.0,0.0,,1.0,3,0,92,6895.333333333333,1.0,1.0,0.0,0.0,NonResidential,Other,NORTHEAST,No_Second_Use,No_Third_Use,3,0,0,1,1,0
652060.0,4.45,22124.0,0.0,0.0,82.0,1.0,3,0,87,7374.666666666667,1.0,1.0,0.0,0.0,NonResidential,Residence Hall,NORTHEAST,No_Second_Use,No_Third_Use,3,0,1,1,0,0
1753311.875,65.95,27487.0,0.0,0.0,82.0,1.0,3,0,90,9162.333333333334,1.0,1.0,0.0,0.0,NonResidential,Residence Hall,NORTHEAST,No_Second_Use,No_Third_Use,3,1,1,1,1,0
1771038.0,53.65,23616.0,0.0,0.0,55.0,1.0,4,0,90,5904.0,1.0,1.0,0.0,0.0,NonResidential,Residence Hall,NORTHEAST,No_Second_Use,No_Third_Use,3,0,1,1,1,0
1073833.25,6.96,33448.0,0.0,0.0,78.0,1.0,3,0,40,11149.333333333334,1.0,1.0,0.0,0.0,NonResidential,Residence Hall,NORTHEAST,No_Second_Use,No_Third_Use,2,1,1,1,0,0
8485438.0,249.46,74840.0,0.0,0.0,48.0,1.0,2,0,29,37420.0,1.0,1.0,0.0,0.0,NonResidential,Senior Care Community,CENTRAL,No_Second_Use,No_Third_Use,1,3,1,1,1,0
2879554.5,104.74,24600.0,4625.0,1665.0,,1.0,3,0,103,6997.333333333333,1.0,1.171875,0.2203220274390244,0.07931592987804878,Nonresidential COS,Other,CENTRAL,Social/Meeting Hall,Other - Education,3,0,0,1,1,0
1663727.125,55.23,22344.0,0.0,0.0,40.0,1.0,2,0,91,11172.0,1.0,1.0,0.0,0.0,NonResidential,K-12 School,CENTRAL,No_Second_Use,No_Third_Use,3,0,1,1,1,0
2737986.0,96.2,26000.0,0.0,0.0,,1.0,3,0,95,10633.333333333334,1.0,0.8150470219435737,0.0,0.0,NonResidential,University,EAST,No_Second_Use,No_Third_Use,3,1,0,1,1,0
1816709.0,56.25,18489.0,8946.0,1445.0,,1.0,2,0,66,14708.5,1.0,0.6285141244858415,0.3041098684434171,0.04912125641635789,Nonresidential COS,Other,BALLARD,Fitness Center/Health Club/Gym,Pre-school/Daycare,2,1,0,1,1,0
4821852.0,9.23,24099.0,23632.0,5320.0,,1.0,3,0,107,16433.0,1.0,0.48883344489746244,0.4793606361183797,0.10791293941053572,NonResidential,Mixed Use Property,DOWNTOWN,Multifamily Housing,Restaurant,3,2,0,1,0,0
2830649.5,78.36,11021.0,8164.0,7280.0,,1.0,2,0,28,10518.0,1.0,0.5239113899980985,0.3880965963110858,0.34607339798440767,NonResidential,Mixed Use Property,EAST,Fitness Center/Health Club/Gym,Office,1,0,0,1,1,0
5652231.0,39.4,24288.0,16710.0,16128.0,9.0,1.0,2,0,17,16464.0,1.0,0.7376093294460642,0.5074708454810496,0.4897959183673469,NonResidential,Mixed Use Property,NORTHEAST,Retail Store,Office,1,1,1,1,0,0
1529218.125,29.7,41256.0,0.0,0.0,33.0,1.0,1,0,56,44476.0,1.0,0.9276014030038673,0.0,0.0,NonResidential,Warehouse,GREATER DUWAMISH,No_Second_Use,No_Third_Use,2,2,1,1,1,0
1394293.5,27.06,19785.0,10234.0,0.0,66.0,1.0,1,0,47,35017.0,1.0,0.5650112802353143,0.2922580460918982,0.0,NonResidential,Small- and Mid-Sized Office,GREATER DUWAMISH,Non-Refrigerated Warehouse,Parking,2,1,1,1,1,0
1741865.25,60.83,26000.0,0.0,0.0,66.0,1.0,3,0,66,9694.666666666666,1.0,0.8939623160500619,0.0,0.0,NonResidential,Residence Hall,NORTHEAST,No_Second_Use,No_Third_Use,2,1,1,1,1,0
545136.5,19.28,22962.0,0.0,0.0,98.0,1.0,2,0,53,11476.0,1.0,1.0004356918787034,0.0,0.0,NonResidential,Worship Facility,SOUTHEAST,Parking,No_Third_Use,2,0,1,1,1,0
657383.1875,19.14,21040.0,0.0,0.0,43.0,1.0,1,0,40,21040.0,1.0,1.0,0.0,0.0,NonResidential,Warehouse,GREATER DUWAMISH,No_Second_Use,No_Third_Use,2,0,1,1,1,0
1539819.875,46.61,30000.0,0.0,0.0,52.0,1.0,2,0,65,14016.0,1.0,1.0702054794520548,0.0,0.0,NonResidential,Warehouse,GREATER DUWAMISH,No_Second_Use,No_Third_Use,2,1,1,1,1,0
652579.875,20.46,25620.0,0.0,0.0,82.0,1.0,1,0,42,25620.0,1.0,1.0,0.0,0.0,NonResidential,Distribution Center,GREATER DUWAMISH,No_Second_Use,No_Third_Use,2,0,1,1,1,0
1632472.0,11.38,33238.0,0.0,0.0,14.0,1.0,3,0,24,11079.333333333334,1.0,1.0,0.0,0.0,NonResidential,Warehouse,DOWNTOWN,No_Second_Use,No_Third_Use,1,1,1,1,0,0
1275996.25,38.36,11093.0,0.0,0.0,8.0,1.0,4,0,104,6950.0,1.0,0.39902877697841727,0.0,0.0,NonResidential,K-12 School,EAST,No_Second_Use,No_Third_Use,3,1,1,1,1,0
13473994.0,92.52,222807.0,78049.0,5171.0,82.0,1.0,6,0,16,117696.0,1.0,0.31551199700924415,0.11052343891607758,0.0073225371578756575,NonResidential,Large Office,DOWNTOWN,Parking,Bank Branch,0,4,1,1,0,0
2477406.25,93.55,18400.0,16200.0,3000.0,,1.0,2,0,55,18800.0,1.0,0.48936170212765956,0.4308510638297872,0.0797872340425532,NonResidential,Mixed Use Property,MAGNOLIA / QUEEN ANNE,Other,Office,2,1,0,1,1,0
1869043.875,49.55,42128.0,0.0,0.0,93.0,1.0,1,0,62,42128.0,1.0,1.0,0.0,0.0,SPS-District K-12,K-12 School,NORTHWEST,No_Second_Use,No_Third_Use,2,2,1,1,1,0
835610.875,19.61,33708.0,0.0,0.0,,1.0,3,0,104,11236.0,1.0,1.0,0.0,0.0,NonResidential,Other,EAST,No_Second_Use,No_Third_Use,3,1,0,1,1,1
5996179.5,41.7,47661.0,0.0,0.0,,1.0,2,0,68,23618.5,1.0,1.0089760145648539,0.0,0.0,NonResidential,Other,North,No_Second_Use,No_Third_Use,3,2,0,1,0,0
1172287.125,38.18,26373.0,0.0,0.0,75.0,1.0,3,0,78,8791.0,1.0,1.0,0.0,0.0,NonResidential,Worship Facility,NORTHEAST,No_Second_Use,No_Third_Use,3,0,1,1,1,0
3605749.75,25.14,50379.0,12622.0,6662.0,,6.0,2,0,60,37934.0,1.0,0.6640349027257869,0.16636790214583225,0.08781040754995519,NonResidential,Small- and Mid-Sized Office,CENTRAL,Restaurant,Retail Store,2,3,0,1,0,0
1607972.25,51.89,5656.0,5561.0,5090.0,,1.0,2,0,69,10828.0,1.0,0.2611747321758404,0.25678795714813446,0.23503878832656078,NonResidential,Mixed Use Property,EAST,Other - Public Services,Restaurant,3,0,0,1,1,0
472415.4063,2.94,23040.0,0.0,0.0,,1.0,3,0,95,7680.0,1.0,1.0,0.0,0.0,Nonresidential COS,Distribution Center,MAGNOLIA / QUEEN ANNE,No_Second_Use,No_Third_Use,3,0,0,1,0,0
5400237.5,37.97,34856.0,0.0,0.0,,1.0,2,0,60,18385.5,1.0,0.9479209159391913,0.0,0.0,NonResidential,Other,MAGNOLIA / QUEEN ANNE,No_Second_Use,No_Third_Use,2,1,0,1,0,0
1129170.375,29.39,27420.0,10000.0,5000.0,34.0,1.0,1,0,63,42420.0,1.0,0.6463932107496464,0.23573785950023574,0.11786892975011787,NonResidential,Warehouse,GREATER DUWAMISH,Other,Office,2,2,1,1,1,0
454896.5,3.06,20002.0,3374.0,0.0,,1.0,2,0,52,11700.0,1.0,0.8547863247863248,0.1441880341880342,0.0,NonResidential,Warehouse,GREATER DUWAMISH,Office,Parking,2,0,0,1,0,0
1915150.75,67.15,28120.0,1600.0,1000.0,,1.0,2,0,68,15360.0,1.0,0.9153645833333334,0.052083333333333336,0.032552083333333336,NonResidential,Other,MAGNOLIA / QUEEN ANNE,Parking,Office,3,1,0,1,1,0
1092979.75,17.65,32546.0,0.0,0.0,100.0,1.0,1,0,42,35046.0,1.0,0.928665182902471,0.0,0.0,NonResidential,Warehouse,GREATER DUWAMISH,No_Second_Use,No_Third_Use,2,1,1,1,1,0
883072.875,14.19,13349.0,8228.0,4000.0,,1.0,1,0,55,25577.0,1.0,0.5219142198068577,0.32169527309692303,0.15639050709621927,NonResidential,Refrigerated Warehouse,GREATER DUWAMISH,Non-Refrigerated Warehouse,Office,2,0,0,1,1,0
2827857.0,77.84,20410.0,0.0,0.0,8.0,1.0,3,0,21,6803.333333333333,1.0,1.0,0.0,0.0,NonResidential,Small- and Mid-Sized Office,LAKE UNION,No_Second_Use,No_Third_Use,1,0,1,1,1,0
624125.625,4.35,18396.0,6300.0,0.0,87.0,1.0,3,6300,33,8232.0,0.7448979591836735,0.7448979591836735,0.25510204081632654,0.0,NonResidential,Small- and Mid-Sized Office,NORTHWEST,Parking,No_Third_Use,1,0,1,1,0,0
773357.0,21.87,24955.0,0.0,0.0,47.0,1.0,1,0,14,24955.0,1.0,1.0,0.0,0.0,NonResidential,Worship Facility,NORTHWEST,No_Second_Use,No_Third_Use,0,0,1,1,1,0
1913404.25,67.33,45442.0,31033.0,0.0,,1.0,2,0,55,38237.5,1.0,0.5942072572736188,0.40579274272638116,0.0,NonResidential,Worship Facility,North,Other - Education,No_Third_Use,2,3,0,1,1,0
1719595.125,62.94,32961.0,0.0,0.0,86.0,1.0,2,0,28,16480.5,1.0,1.0,0.0,0.0,NonResidential,K-12 School,North,No_Second_Use,No_Third_Use,1,1,1,1,1,0
1155795.125,26.67,12806.0,0.0,0.0,,1.0,1,14570,12,27376.0,0.46778199883109295,0.46778199883109295,0.0,0.0,Nonresidential COS,Other,NORTHWEST,Parking,No_Third_Use,0,1,0,1,1,0
3657784.25,115.34,109794.0,0.0,0.0,87.0,1.0,1,0,66,109794.0,1.0,1.0,0.0,0.0,Campus,K-12 School,CENTRAL,No_Second_Use,No_Third_Use,2,3,1,1,1,0
1407294.875,53.02,25200.0,0.0,0.0,,1.0,3,0,105,8400.0,1.0,1.0,0.0,0.0,NonResidential,Other,Central,No_Second_Use,No_Third_Use,3,0,0,1,1,0
952583.5,9.09,12000.0,6000.0,6000.0,,1.0,3,0,104,8000.0,1.0,0.5,0.25,0.25,NonResidential,Mixed Use Property,EAST,Other,Retail Store,3,0,0,1,1,0
2902229.0,128.07,23422.0,0.0,0.0,65.0,1.0,3,0,96,7807.333333333333,1.0,1.0,0.0,0.0,NonResidential,Small- and Mid-Sized Office,EAST,No_Second_Use,No_Third_Use,3,0,1,1,1,0
3564727.5,28.79,38879.0,0.0,0.0,,5.0,2,11328,41,19439.5,0.7086344813395407,1.0,0.0,0.0,NonResidential,Other,EAST,No_Second_Use,No_Third_Use,2,2,0,1,1,0
3518099.75,83.65,22486.0,14257.0,13308.0,93.0,1.0,5,14625,18,10606.8,0.7242335105781197,0.423992155975412,0.268827544594034,0.25093336350265866,NonResidential,Mixed Use Property,EAST,Supermarket/Grocery Store,Parking,1,2,1,1,1,0
1002986.375,7.31,13917.0,13188.0,0.0,97.0,1.0,2,0,91,13969.0,1.0,0.49813873577206674,0.4720452430381559,0.0,NonResidential,Small- and Mid-Sized Office,EAST,Retail Store,No_Third_Use,3,1,1,1,1,0
1623657.0,11.32,32580.0,9650.0,0.0,,1.0,2,0,92,10800.0,1.0,1.5083333333333333,0.44675925925925924,0.0,NonResidential,Other,NORTHEAST,Retail Store,No_Third_Use,3,0,0,1,0,0
2182493.0,63.22,21886.0,0.0,0.0,,1.0,3,0,87,9302.666666666666,1.0,0.7842195786154508,0.0,0.0,Nonresidential COS,Other,NORTHEAST,No_Second_Use,No_Third_Use,3,1,0,1,1,0
1824440.125,55.73,30562.0,0.0,0.0,69.0,1.0,2,0,16,15281.0,1.0,1.0,0.0,0.0,Campus,K-12 School,CENTRAL,No_Second_Use,No_Third_Use,0,1,1,1,1,0
3770784.25,39.31,54969.0,0.0,0.0,67.0,1.0,3,0,16,18323.0,1.0,1.0,0.0,0.0,NonResidential,Retail Store,DOWNTOWN,No_Second_Use,No_Third_Use,0,2,1,1,1,0
1892122.25,51.14,44340.0,10415.0,4925.0,,1.0,2,0,65,18412.5,1.0,1.2040733197556008,0.28282416836388324,0.13374066530889342,NonResidential,K-12 School,CENTRAL,Worship Facility,Social/Meeting Hall,2,1,0,1,1,0
2223401.5,54.02,31822.0,0.0,0.0,73.0,1.0,3,0,58,8611.333333333334,1.0,1.2317875667724705,0.0,0.0,NonResidential,Small- and Mid-Sized Office,EAST,No_Second_Use,No_Third_Use,2,0,1,1,1,0
4195549.5,150.23,52225.0,0.0,0.0,38.0,1.0,1,0,87,37700.0,1.0,1.3852785145888593,0.0,0.0,NonResidential,Worship Facility,EAST,No_Second_Use,No_Third_Use,3,1,1,1,1,0
1060040.75,24.97,14256.0,7850.0,0.0,77.0,1.0,3,0,34,8370.333333333334,1.0,0.5677193261917088,0.31261200270797657,0.0,NonResidential,Small- and Mid-Sized Office,NORTHWEST,Non-Refrigerated Warehouse,Parking,1,0,1,1,1,0
1888861.125,68.39,31805.0,0.0,0.0,10.0,1.0,2,0,63,15902.5,1.0,1.0,0.0,0.0,NonResidential,Worship Facility,MAGNOLIA / QUEEN ANNE,No_Second_Use,No_Third_Use,2,1,1,1,1,0
1441620.0,43.97,20811.0,0.0,0.0,95.0,1.0,1,0,63,20811.0,1.0,1.0,0.0,0.0,NonResidential,K-12 School,MAGNOLIA / QUEEN ANNE,No_Second_Use,No_Third_Use,2,0,1,1,1,0
2235498.0,66.43,12644.0,7286.0,0.0,1.0,1.0,2,0,49,11029.0,1.0,0.5732160667331581,0.330310998277269,0.0,Nonresidential COS,Warehouse,GREATER DUWAMISH,Office,No_Third_Use,2,0,1,1,1,0
9844836.0,119.76,43452.0,2890.0,0.0,,1.0,1,0,46,22890.0,1.0,1.8982961992136305,0.12625600698995196,0.0,NonResidential,Refrigerated Warehouse,GREATER DUWAMISH,Office,No_Third_Use,2,0,0,1,1,0
1270850.625,43.04,36000.0,0.0,0.0,,1.0,5,0,109,7200.0,1.0,1.0,0.0,0.0,NonResidential,Other,GREATER DUWAMISH,No_Second_Use,No_Third_Use,3,1,0,1,1,0
4403066.5,67.96,28320.0,0.0,0.0,1.0,1.0,1,0,45,28320.0,1.0,1.0,0.0,0.0,NonResidential,Distribution Center,GREATER DUWAMISH,Parking,No_Third_Use,2,1,1,1,1,0
930746.875,22.18,29079.0,0.0,0.0,78.0,1.0,1,0,61,29079.0,1.0,1.0,0.0,0.0,NonResidential,Worship Facility,NORTHEAST,No_Second_Use,No_Third_Use,2,1,1,1,1,0
769771.8125,5.07,19232.0,9616.0,0.0,82.0,1.0,3,9616,34,9616.0,0.6666666666666666,0.6666666666666666,0.3333333333333333,0.0,NonResidential,Small- and Mid-Sized Office,EAST,Parking,No_Third_Use,1,1,1,1,0,0
1964622.625,38.71,13600.0,8200.0,0.0,7.0,1.0,2,0,28,10267.5,1.0,0.6622839055271488,0.399318237156075,0.0,NonResidential,Small- and Mid-Sized Office,Ballard,Distribution Center,No_Third_Use,1,0,1,1,1,0
1904848.25,49.44,11084.0,11084.0,0.0,,1.0,3,0,116,7389.333333333333,1.0,0.5,0.5,0.0,NonResidential,Mixed Use Property,EAST,Other - Entertainment/Public Assembly,No_Third_Use,3,0,0,1,1,0
909543.1875,7.8,27271.0,5706.0,4473.0,73.0,1.0,1,0,94,37400.0,1.0,0.7291711229946524,0.1525668449197861,0.11959893048128342,NonResidential,Warehouse,GREATER DUWAMISH,Supermarket/Grocery Store,Distribution Center,3,1,1,1,1,0
15033874.0,106.86,268130.0,0.0,0.0,88.0,1.0,11,0,16,24375.454545454544,1.0,1.0,0.0,0.0,NonResidential,Large Office,DOWNTOWN,No_Second_Use,No_Third_Use,0,4,1,1,1,0
3979629.5,26.37,61665.0,6787.0,0.0,79.0,1.0,11,0,16,6222.909090909091,1.0,0.9008502308186759,0.09914976918132413,0.0,NonResidential,Small- and Mid-Sized Office,DOWNTOWN,Bank Branch,No_Third_Use,0,3,1,1,0,0
14709151.0,102.54,281566.0,0.0,0.0,88.0,1.0,11,0,16,24835.0,1.0,1.0306788440068086,0.0,0.0,NonResidential,Large Office,DOWNTOWN,No_Second_Use,No_Third_Use,0,4,1,1,0,0
4314753.5,156.45,97500.0,0.0,0.0,97.0,1.0,3,0,92,32500.0,1.0,1.0,0.0,0.0,NonResidential,K-12 School,NORTHEAST,No_Second_Use,No_Third_Use,3,3,1,1,1,0
3020001.5,21.05,54015.0,0.0,0.0,75.0,1.0,5,0,34,10803.0,1.0,1.0,0.0,0.0,NonResidential,Small- and Mid-Sized Office,MAGNOLIA / QUEEN ANNE,No_Second_Use,No_Third_Use,1,2,1,1,0,0
1395016.125,29.18,15300.0,4717.0,0.0,,1.0,1,0,51,24697.0,1.0,0.6195084423209297,0.19099485767502125,0.0,Nonresidential COS,Other,NORTH,Other - Services,No_Third_Use,2,0,0,1,1,0
3778965.75,89.8,67750.0,0.0,0.0,,2.0,1,0,3,57468.0,1.0,1.178916962483469,0.0,0.0,NonResidential,University,CENTRAL,No_Second_Use,No_Third_Use,0,2,0,1,1,0
12581302.0,441.94,84300.0,0.0,0.0,,1.0,5,0,10,16800.0,1.0,1.0035714285714286,0.0,0.0,NonResidential,University,EAST,No_Second_Use,No_Third_Use,0,3,0,1,1,0
5390147.5,81.18,103000.0,0.0,0.0,89.0,1.0,3,0,25,34333.333333333336,1.0,1.0,0.0,0.0,NonResidential,Retail Store,DOWNTOWN,No_Second_Use,No_Third_Use,1,3,1,1,1,0
8257472.5,176.75,37864.0,0.0,0.0,61.0,1.0,1,0,8,37864.0,1.0,1.0,0.0,0.0,NonResidential,Supermarket / Grocery Store,SOUTHWEST,No_Second_Use,No_Third_Use,0,1,1,1,1,0
9290214.0,72.02,66497.0,0.0,0.0,84.0,1.0,2,0,66,33248.5,1.0,1.0,0.0,0.0,NonResidential,Supermarket / Grocery Store,EAST,No_Second_Use,No_Third_Use,2,3,1,1,1,0
3611326.75,24.82,38428.0,0.0,0.0,,1.0,4,0,10,8502.5,1.0,1.1299029697147898,0.0,0.0,NonResidential,Retail Store,MAGNOLIA / QUEEN ANNE,No_Second_Use,No_Third_Use,0,1,0,1,0,0
8573323.0,193.36,45980.0,0.0,0.0,79.0,1.0,4,0,10,11495.0,1.0,1.0,0.0,0.0,NonResidential,Supermarket / Grocery Store,MAGNOLIA / QUEEN ANNE,No_Second_Use,No_Third_Use,0,2,1,1,1,0
3769240.5,137.66,45000.0,0.0,0.0,,1.0,1,0,25,45000.0,1.0,1.0,0.0,0.0,NonResidential,Other,CENTRAL,Swimming Pool,No_Third_Use,1,2,0,1,1,0
14658050.0,295.42,432903.0,333698.0,0.0,,1.0,6,0,17,55616.333333333336,1.0,1.2972897649970931,1.0,0.0,NonResidential,Other,GREATER DUWAMISH,Other - Entertainment/Public Assembly,No_Third_Use,1,4,0,1,1,0
1577083.25,12.43,72859.0,0.0,0.0,55.0,1.0,4,0,112,18214.75,1.0,1.0,0.0,0.0,NonResidential,Warehouse,GREATER DUWAMISH,No_Second_Use,No_Third_Use,3,3,1,1,1,0
1658135.375,37.83,14877.0,12023.0,4920.0,,1.0,3,0,12,7315.666666666667,1.0,0.6778602998131863,0.5478197475737003,0.22417642502392127,NonResidential,Mixed Use Property,GREATER DUWAMISH,Office,Parking,0,0,0,1,1,0
4483478.0,30.03,92723.0,18364.0,0.0,84.0,1.0,6,0,31,12183.666666666666,1.0,1.268405789171295,0.25121063719186887,0.0,NonResidential,Small- and Mid-Sized Office,DOWNTOWN,Parking,No_Third_Use,1,3,1,1,0,0
2778832.75,28.85,89820.0,64000.0,41014.0,,1.0,2,59401,100,70411.5,0.5781868018718533,0.6378219466990478,0.4544712156394907,0.2912450380974699,NonResidential,Mixed Use Property,EAST,Supermarket/Grocery Store,Multifamily Housing,3,4,0,1,1,0
9271981.0,270.63,41097.0,39772.0,6275.0,,5.0,1,0,50,87458.0,1.0,0.4699055546662398,0.4547554254613643,0.07174872510233483,Nonresidential COS,Mixed Use Property,GREATER DUWAMISH,Distribution Center,Other,2,3,0,1,1,0
1671740.25,11.4,26263.0,0.0,0.0,64.0,1.0,1,0,23,26263.0,1.0,1.0,0.0,0.0,NonResidential,Small- and Mid-Sized Office,LAKE UNION,No_Second_Use,No_Third_Use,1,0,1,1,0,0
17463744.0,163.19,400536.0,182439.0,7177.0,97.0,1.0,11,0,4,47856.63636363636,1.0,0.7608634121229505,0.34656350501402866,0.01363352285139517,NonResidential,Large Office,LAKE UNION,Parking,Other,0,4,1,1,1,0
1438856.625,9.46,33279.0,29878.0,8421.0,97.0,1.0,6,0,114,12368.5,1.0,0.44843756316449046,0.40260877767446873,0.11347374378461414,NonResidential,Mixed Use Property,DOWNTOWN,Multifamily Housing,Parking,3,3,1,1,0,0
11666007.0,92.07,157345.0,0.0,0.0,63.0,1.0,6,0,4,26224.166666666668,1.0,1.0,0.0,0.0,NonResidential,Large Office,GREATER DUWAMISH,No_Second_Use,No_Third_Use,0,4,1,1,1,0
6662918.5,175.46,207017.0,0.0,0.0,90.0,1.0,5,0,4,27351.6,1.0,1.513746910601208,0.0,0.0,NonResidential,Residence Hall,NORTHEAST,No_Second_Use,No_Third_Use,0,3,1,1,1,0
9286532.0,191.97,188118.0,7000.0,0.0,72.0,1.0,7,0,4,27465.571428571428,1.0,0.9784613464129117,0.03640921881420375,0.0,NonResidential,Residence Hall,NORTHEAST,Supermarket/Grocery Store,No_Third_Use,0,4,1,1,1,0
5574345.0,38.17,138602.0,0.0,0.0,,2.0,2,0,4,68569.0,1.0,1.0106753780863071,0.0,0.0,Nonresidential COS,Other,GREATER DUWAMISH,No_Second_Use,No_Third_Use,0,3,0,1,0,0
4085534.75,144.41,24588.0,17558.0,1686.0,67.0,1.0,3,0,98,14610.666666666666,1.0,0.5609600292024092,0.40057492243110054,0.038465048366490236,NonResidential,Retail Store,MAGNOLIA / QUEEN ANNE,Hotel,Parking,3,2,1,1,1,0
12145596.0,325.94,146363.0,0.0,0.0,,1.0,6,0,29,24393.833333333332,1.0,1.0,0.0,0.0,NonResidential,Other,SOUTHWEST,No_Second_Use,No_Third_Use,1,4,0,1,1,0
14070366.0,147.84,193393.0,149326.0,38225.0,88.0,1.0,13,149326,28,27237.384615384617,0.578277593578961,0.5461752229684314,0.421722406421039,0.10795399987573641,NonResidential,Large Office,DOWNTOWN,Parking,Multifamily Housing,1,4,1,1,1,0
2145036.25,57.59,70292.0,0.0,0.0,37.0,1.0,2,0,8,35146.0,1.0,1.0,0.0,0.0,NonResidential,Worship Facility,NORTHEAST,No_Second_Use,No_Third_Use,0,3,1,1,1,0
2962615.25,51.59,38000.0,0.0,0.0,22.0,1.0,2,0,2,17890.0,1.0,1.0620458356623812,0.0,0.0,NonResidential,K-12 School,EAST,No_Second_Use,No_Third_Use,0,1,1,1,1,0
2626698.25,20.1,47000.0,0.0,0.0,67.0,1.0,3,14989,3,20887.333333333332,0.7607960167246497,0.7500558552232613,0.0,0.0,NonResidential,Small- and Mid-Sized Office,DOWNTOWN,No_Second_Use,No_Third_Use,0,3,1,1,1,0
3497215.5,24.38,60245.0,26067.0,0.0,62.0,1.0,4,22948,3,15595.25,0.6321315785255126,0.9657588047642711,0.41786761994838173,0.0,NonResidential,Hotel,BALLARD,Parking,Swimming Pool,0,3,1,1,0,0
7692164.0,184.81,79805.0,7000.0,0.0,25.0,1.0,6,0,3,13300.833333333334,1.0,1.0,0.08771380239333375,0.0,NonResidential,Senior Care Community,Central,Parking,No_Third_Use,0,3,1,1,1,0
1695022.25,22.76,63500.0,0.0,0.0,82.0,1.0,2,0,2,24462.5,1.0,1.2979049565661727,0.0,0.0,NonResidential,K-12 School,NORTHWEST,No_Second_Use,No_Third_Use,0,2,1,1,1,0
26532170.0,809.76,318986.0,19909.0,0.0,,1.0,6,239252,3,50837.5,0.21563150561429392,1.0457700188509138,0.06527005983116138,0.0,NonResidential,Other,NORTHEAST,Medical Office,No_Third_Use,0,4,0,1,1,0
4644839.5,42.2,191333.0,133432.0,0.0,,1.0,7,146687,2,47673.42857142857,0.5604409764049455,0.5733442408769186,0.39983938342412967,0.0,NonResidential,Large Office,GREATER DUWAMISH,Parking,No_Third_Use,0,4,0,1,1,0
544172.375,16.13,24520.0,0.0,0.0,,1.0,2,0,2,28494.0,1.0,0.4302660209166842,0.0,0.0,NonResidential,Other,GREATER DUWAMISH,Parking,No_Third_Use,0,2,0,1,1,0
6759240.5,107.29,149856.0,0.0,0.0,,4.0,2,0,9,74928.0,1.0,1.0,0.0,0.0,Campus,University,GREATER DUWAMISH,No_Second_Use,No_Third_Use,0,4,0,1,1,0
1679541.25,38.13,44162.0,15761.0,0.0,,1.0,2,0,6,22081.0,1.0,1.0,0.35689053937774556,0.0,NonResidential,Other,DELRIDGE,Parking,No_Third_Use,0,2,0,1,1,0
3372443.75,74.3,99765.0,0.0,0.0,,1.0,2,0,23,49882.5,1.0,1.0,0.0,0.0,NonResidential,University,EAST,No_Second_Use,No_Third_Use,1,3,0,1,1,0
38977108.0,1280.81,472384.0,0.0,0.0,,1.0,3,0,91,142782.33333333334,1.0,1.1028068365133874,0.0,0.0,NonResidential,University,EAST,No_Second_Use,No_Third_Use,3,4,0,1,1,1
2842128.0,58.28,38800.0,3650.0,586.0,,1.0,3,156000,27,65798.33333333333,0.20970642620127156,0.19656019656019655,0.018490843233111273,0.002968666886192659,NonResidential,Senior Care Community,DOWNTOWN,Other - Public Services,Office,1,4,0,1,1,0
7785876.5,82.58,41198.0,0.0,0.0,44.0,1.0,8,0,6,5149.75,1.0,1.0,0.0,0.0,NonResidential,Supermarket / Grocery Store,BALLARD,No_Second_Use,No_Third_Use,0,2,1,1,1,0
961628.625,10.8,20983.0,0.0,0.0,,1.0,1,0,2,20993.0,1.0,0.9995236507407231,0.0,0.0,Nonresidential COS,Other,GREATER DUWAMISH,No_Second_Use,No_Third_Use,0,0,0,1,1,0
16810854.0,213.7,427181.0,169195.0,0.0,99.0,1.0,6,0,2,71196.83333333333,1.0,1.0,0.3960733272313141,0.0,NonResidential,Large Office,LAKE UNION,Parking,No_Third_Use,0,4,1,1,1,0
1399581.625,9.76,83600.0,39000.0,0.0,,1.0,3,0,2,11216.0,1.0,2.4845458868283403,1.159058487874465,0.0,NonResidential,Other,NORTHEAST,Automobile Dealership,No_Third_Use,0,1,0,1,0,0
2346692.5,65.01,25927.0,5834.0,5160.0,,1.0,5,0,1,7574.6,1.0,0.6845774034272437,0.15404113748580783,0.1362448182082222,NonResidential,Small- and Mid-Sized Office,EAST,Parking,Multifamily Housing,0,1,0,1,1,0
18760766.0,214.19,359040.0,151658.0,1087.0,,1.0,10,0,1,51381.6,1.0,0.698771544677472,0.29516013514565526,0.0021155433073318077,NonResidential,Large Office,MAGNOLIA / QUEEN ANNE,Parking,Restaurant,0,4,0,1,1,0
5547964.5,50.32,159500.0,0.0,0.0,89.0,1.0,14,0,1,10329.57142857143,1.0,1.1029360919413058,0.0,0.0,NonResidential,Hotel,DOWNTOWN,No_Second_Use,No_Third_Use,0,4,1,1,1,0
12926544.0,147.14,341897.0,136594.0,0.0,99.0,1.0,12,163260,2,40058.5,0.6603717063794201,0.7112452205316392,0.28415525627103694,0.0,NonResidential,Large Office,LAKE UNION,Parking,No_Third_Use,0,4,1,1,1,0
670291.0,4.38,11745.0,11745.0,0.0,,1.0,2,0,2,12766.0,1.0,0.4600109666301112,0.4600109666301112,0.0,NonResidential,Mixed Use Property,MAGNOLIA / QUEEN ANNE,"Repair Services (Vehicle, Shoe, Locksmith, etc)",No_Third_Use,0,0,0,1,0,0
5298717.5,91.98,202171.0,108036.0,0.0,,1.0,2,0,1,54018.0,1.0,1.87132992706135,1.0,0.0,NonResidential,Other,GREATER DUWAMISH,Automobile Dealership,No_Third_Use,0,3,0,1,1,0
14409447.0,202.12,342173.0,147597.0,0.0,98.0,1.0,12,166208,1,40283.083333333336,0.6561666704592706,0.707850896881859,0.30533288373738354,0.0,NonResidential,Large Office,LAKE UNION,Parking,No_Third_Use,0,4,1,1,1,0
14037166.0,245.16,342838.0,202178.0,6313.200195,98.0,1.0,13,197659,2,41284.38461538462,0.6317121206192693,0.6387924657674628,0.3767079003609113,0.011763062202695376,Nonresidential COS,Large Office,LAKE UNION,Parking,Retail Store,0,4,1,1,1,0
6042399.5,131.02,88157.0,41539.0,0.0,72.0,1.0,4,41539,2,31705.75,0.6724647737397791,0.6951183933513637,0.3275352262602209,0.0,NonResidential,Hotel,LAKE UNION,Parking,Swimming Pool,0,3,1,1,1,0
4182621.75,157.7,52085.0,0.0,0.0,37.0,1.0,1,4222,61,52085.0,0.9189401939137948,1.0,0.0,0.0,NonResidential,Warehouse,GREATER DUWAMISH,No_Second_Use,No_Third_Use,2,2,1,1,1,0
4731813.5,134.8,24990.0,0.0,0.0,9.0,1.0,2,0,87,12495.0,1.0,1.0,0.0,0.0,NonResidential,Small- and Mid-Sized Office,GREATER DUWAMISH,No_Second_Use,No_Third_Use,3,0,1,1,1,0
3198858.0,67.65,72000.0,0.0,0.0,,1.0,1,0,3,72000.0,1.0,1.0,0.0,0.0,NonResidential,Other,NORTHEAST,No_Second_Use,No_Third_Use,0,3,0,1,1,0
1397742.375,9.24,45728.0,0.0,0.0,77.0,1.0,3,0,1,15000.0,1.0,1.0161777777777778,0.0,0.0,NonResidential,K-12 School,GREATER DUWAMISH,Parking,No_Third_Use,0,2,1,1,0,0
41078600.0,1000.06,151523.0,106498.0,84002.0,,1.0,6,85028,1,57548.333333333336,0.753749022560746,0.4388282313417707,0.308430594572678,0.24327956210721421,NonResidential,Mixed Use Property,LAKE UNION,Office,Parking,0,4,0,1,1,0
3180819.25,22.17,68916.0,0.0,0.0,,1.0,1,0,54,68072.0,1.0,1.012398636737572,0.0,0.0,Nonresidential WA,University,NORTHEAST,No_Second_Use,No_Third_Use,2,3,0,1,0,0
636965.5,4.44,9900.0,8577.0,1364.0,,1.0,1,0,11,20616.0,1.0,0.48020954598370197,0.4160360884749709,0.06616220411331004,Nonresidential COS,Mixed Use Property,NORTH,Fitness Center/Health Club/Gym,Pre-school/Daycare,0,0,0,1,0,0
969142.0,29.18,11685.0,0.0,0.0,,1.0,1,0,3,11685.0,1.0,1.0,0.0,0.0,Nonresidential COS,Other,CENTRAL,No_Second_Use,No_Third_Use,0,0,0,1,1,0
858773.0,23.0,11968.0,0.0,0.0,,1.0,1,0,6,11968.0,1.0,1.0,0.0,0.0,Nonresidential COS,Other,BALLARD,No_Second_Use,No_Third_Use,0,0,0,1,1,0
705983.6875,14.37,11285.0,0.0,0.0,,1.0,1,0,67,11285.0,1.0,1.0,0.0,0.0,Nonresidential COS,Other,NORTH,No_Second_Use,No_Third_Use,3,0,0,1,1,0
990545.5,24.73,8680.0,7014.0,535.0,,1.0,1,0,105,16795.0,1.0,0.5168204822863948,0.4176242929443287,0.031854718666269724,Nonresidential COS,Other,BALLARD,Fitness Center/Health Club/Gym,Pre-school/Daycare,3,0,0,1,1,0
1993136.625,60.81,8108.0,7726.0,3779.0,,1.0,1,0,22,20050.0,1.0,0.40438902743142147,0.38533665835411474,0.1884788029925187,Nonresidential COS,Mixed Use Property,CENTRAL,Fitness Center/Health Club/Gym,Office,1,0,0,1,1,0
1025432.125,20.33,18261.0,0.0,0.0,,1.0,1,0,34,18261.0,1.0,1.0,0.0,0.0,Nonresidential COS,Other,DELRIDGE NEIGHBORHOODS,No_Second_Use,No_Third_Use,1,0,0,1,1,0
1053705.75,32.17,16000.0,0.0,0.0,,1.0,1,0,12,16000.0,1.0,1.0,0.0,0.0,Nonresidential COS,Other,DOWNTOWN,No_Second_Use,No_Third_Use,0,0,0,1,1,0
782841.3125,22.11,6601.0,6501.0,484.0,,1.0,1,0,27,14101.0,1.0,0.46812282816821504,0.46103113254379124,0.03432380682221119,Nonresidential COS,Mixed Use Property,GREATER DUWAMISH,Fitness Center/Health Club/Gym,Pre-school/Daycare,1,0,0,1,1,0
1293722.375,41.27,8271.0,8000.0,1108.0,,1.0,1,0,78,18258.0,1.0,0.4530069010844561,0.4381640924526235,0.06068572680468835,Nonresidential COS,Mixed Use Property,GREATER DUWAMISH,Fitness Center/Health Club/Gym,Pre-school/Daycare,3,0,0,1,1,0
